Annotierte Referenz	zugehörige numerische Angabe(n)  (mit ";" trennen)	Dokumente mit Referenz (mit ";" trennen)	unsicher	Ids der Datensätze (mit ";" trennen)
10 Item Big Five Inventory	-	MDA_part1/37417.tsv; MDA_part1/37420.tsv; MDA_part1/37577.tsv; MDA_part1/37422.tsv	-	10.6102/zis76
10-Item-Skala zur Messung von Tätersensibilität	-	MDA_part1/37422.tsv	-	-
10-Item-Skalen zur Messung von Beobachtersensibilität und von Nutznießersensibilität	-	MDA_part1/37422.tsv	-	-
10. Bevölkerungsvorausberechnung	-	DGS empirisch-quantitativ_v7/2474.tsv	-	-
12. Kinder- und Jugendbericht	2006	DGS empirisch-quantitativ_v7/1694.tsv	-	-
15 Item Big Five Inventory	-	MDA_part1/37420.tsv	-	10.6102/zis54
2. Armuts- und Reichtumsbericht der Bundesregierung	2005	DGS empirisch-quantitativ_v7/0975_Mielck_Gesundheitsverhaltens.tsv; DGS empirisch-quantitativ_v7/1003_Brockmann_Altersrationierung.tsv	-	-
2002 Yearbook of Immigrant Statistics	2002	econStor/10419-35055.tsv	-	-
2004 Yearbook of Immigrant Statistics	2004	econStor/10419-35055.tsv	-	10.7910/DVN/26855
2005 Yearbook of Immigrant Statistics	2005	econStor/10419-35055.tsv	-	10.7910/DVN/26838
2006 Yearbook of Immigrant Statistics	2006	econStor/10419-35055.tsv	-	10.7910/DVN/26839
6. Familienbericht der Bundesregierung	2000	DGS empirisch-quantitativ_v7/0343.tsv	-	-
7. Familienbericht	-	DGS empirisch-quantitativ_v7/1694.tsv	-	-
Activities-of-daily-living-Skalen 	-	DGS empirisch-quantitativ_v7/1379.tsv	-	-
ADL-Skalen	-	DGS empirisch-quantitativ_v7/1379.tsv	-	-
Adult Literacy and Lifeskills Survey	-	MDA_part1/42886.tsv; MDA_part1/42889.tsv; MDA_part1/42890.tsv; MDA_part1/42884.tsv	-	-
AIM	-	MDA_part1/44320.tsv	-	-
Aktionsprogramm Forschung zur Humanisierung des Arbeitslebens	-	DGS empirisch-quantitativ_v7/20-S-II-178-182.tsv	-	-
Akzeptanz des Wohlfahrtsstaates	2004	DGS empirisch-quantitativ_v7/0489_Ullrich_Generationenkonflikt.tsv; DGS empirisch-quantitativ_v7/0991_Ullrich_Gesundheitssystem.tsv	-	10.4232/1.12543
Alameda-County-Studie	-	DGS_v7/28-S-I-594-598.tsv	-	10.3886/ICPSR03083; 10.3886/ICPSR03083.v1; 10.3886/ICPSR04432; 10.3886/ICPSR04432.v1; 10.3886/ICPSR06838; 10.3886/ICPSR06838.v2; 10.3886/ICPSR06838.v1; 10.3886/ICPSR06688;  10.3886/ICPSR06688.v2; 10.3886/ICPSR06688.v1
ALL	-	MDA_part1/42886.tsv; MDA_part1/42889.tsv; MDA_part1/42890.tsv; MDA_part1/42884.tsv	-	-
ALLBUS	2000	DGS empirisch-quantitativ_v7/0489_Ullrich_Generationenkonflikt.tsv; DGS empirisch-quantitativ_v7/1671.tsv	-	10.4232/1.10106; 10.4232/1.11365; 10.4232/1.3451; 10.4232/1.3452; 10.4232/1.3450; 10.4232/1.11516; 10.4232/1.11565; 10.4232/1.11639; 10.4232/1.4241; 10.4232/1.10080; 10.4232/1.11486; 10.4232/1.12048; 10.4232/1.12051; 10.4232/1.11898; 10.4232/1.12439
ALLBUS	1976-2002	DGS empirisch-quantitativ_v7/1329_Mayer_Sinn_und_Wirklichkeit.tsv	-	<ALLBUS1976-2002.txt>
ALLBUS	-	MDA_part1/35913.tsv; MDA_part1/35915.tsv; MDA_part1/37419.tsv; MDA_part1/37421.tsv; MDA_part1/37420.tsv; MDA_part1/38444.ts; MDA_part1/38445.tsv; MDA_part1/39802.tsv; MDA_part1/42886.tsv; MDA_part1/42889.tsv; MDA_part1/37422.tsv; MDA_part1/44275.tsv; DGS_v7/27-S-I-121-126.tsv; DGS_v7/27-S-I-674-679.tsv; DGS_v7/27-V-I-450-458.tsv; DGS_v7/27-V-I-488-504.tsv; DGS_v7/28-S-I-346-351.tsv; DGS_v7/28-V-I-926-936.tsv; DGS_v7/0489_Ullrich_Generationenkonflikt.tsv; DGS_v7/1329_Mayer_Sinn_und_Wirklichkeit.tsv; DGS_v7/1671.tsv	-	<ALLBUS.txt>
ALLBUS	1984	DGS empirisch-quantitativ_v7/27-V-I-488-504.tsv; DGS empirisch-quantitativ_v7/28-S-I-346-351.tsv	-	10.4232/1.3708; 10.4232/1.1340; 10.4232/1.1601; 10.3886/ICPSR08453.v1; 10.3886/ICPSR08453; 10.3886/ICPSR08453.v2
ALLBUS	1988	DGS empirisch-quantitativ_v7/27-V-I-505-519.tsv	-	10.3886/ICPSR09382; 10.3886/ICPSR09382.v1; 10.4232/1.3712; 10.4232/1.1670
ALLBUS	1990	DGS empirisch-quantitativ_v7/27-V-I-450-458.tsv	-	10.4232/1.3714; 10.4232/1.1800; 10.3886/ICPSR06101; 10.3886/ICPSR06101.v1
ALLBUS	1991	DGS empirisch-quantitativ_v7/27-V-I-488-504.tsv	-	10.4232/1.3715; 10.4232/1.11923; 10.3886/ICPSR09832; 10.3886/ICPSR09832.v1; 10.4232/1.1990; 10.4232/1.11922
ALLBUS	1992	DGS empirisch-quantitativ_v7/27-V-I-450-458.tsv; DGS empirisch-quantitativ_v7/27-V-I-505-519.tsv	-	10.4232/1.3716; 10.4232/1.11902; 10.3886/ICPSR06166; 10.3886/ICPSR06166.v1; 10.4232/1.2140; 10.4232/1.11901; 10.3886/ICPSR06523; 10.3886/ICPSR06523.v1
ALLBUS	1994	DGS empirisch-quantitativ_v7/27-S-I-674-679.tsv; DGS empirisch-quantitativ_v7/27-V-I-488-504.tsv; DGS empirisch-quantitativ_v7/28-S-I-346-351.tsv	-	10.4232/1.3717; 10.3886/ICPSR06524; 10.3886/ICPSR06524.v1; 10.4232/1.2400
ALLBUS 	2010	MDA_part1/44275.tsv	-	10.4232/1.11692; 10.4232/1.11693; 10.4232/1.11782; 10.4232/1.11783; 10.4232/1.11489; 10.4232/1.11488; 10.4232/1.10760; 10.4232/1.10762; 10.4232/1.10446; 10.4232/1.11379; 10.4232/1.11380; 10.4232/1.11486; 10.4232/1.11487; 10.4232/1.10445
ALLBUS 	2012	MDA_part1/44275.tsv	-	10.4232/1.11952; 10.4232/1.11953; 10.4232/1.11754; 10.4232/1.11753; 10.4232/1.11595; 10.4232/1.11596; 10.4232/1.11634; 10.4232/1.11635; 10.4232/1.11774; 10.4232/1.12048; 10.4232/1.12051; 10.4232/1.11898; 10.4232/1.11899
Allgemeine Bevölkerungsumfrage der Sozialwissenschaften	-	MDA_part1/35913.tsv; MDA_part1/35915.tsv; MDA_part1/37419.tsv; MDA_part1/37421.tsv; MDA_part1/37420.tsv; MDA_part1/38444.ts; MDA_part1/38445.tsv; MDA_part1/39802.tsv; MDA_part1/42886.tsv; MDA_part1/42889.tsv; MDA_part1/37422.tsv; MDA_part1/44275.tsv; DGS_v7/27-S-I-121-126.tsv; DGS_v7/27-S-I-674-679.tsv; DGS_v7/27-V-I-450-458.tsv; DGS_v7/27-V-I-488-504.tsv; DGS_v7/28-S-I-346-351.tsv; DGS_v7/28-V-I-926-936.tsv; DGS_v7/0489_Ullrich_Generationenkonflikt.tsv; DGS_v7/1329_Mayer_Sinn_und_Wirklichkeit.tsv; DGS_v7/1671.tsv	-	<AllgemeineBevölkerungsumfragederSozialwissenschaften.txt>
Allgemeine Bevölkerungsumfrage der Sozialwissenschaften	2000	DGS empirisch-quantitativ_v7/0489_Ullrich_Generationenkonflikt.tsv; DGS empirisch-quantitativ_v7/1671.tsv	-	10.4232/1.10106; 10.4232/1.11365; 10.4232/1.3451; 10.4232/1.3452; 10.4232/1.3450; 10.4232/1.11516; 10.4232/1.11565; 10.4232/1.11639; 10.4232/1.4241; 10.4232/1.10080; 10.4232/1.11486; 10.4232/1.12048; 10.4232/1.12051; 10.4232/1.11898; 10.4232/1.12439
Allgemeine Bevölkerungsumfrage der Sozialwissenschaften	1976-2002	DGS empirisch-quantitativ_v7/1329_Mayer_Sinn_und_Wirklichkeit.tsv	-	<AllgemeineBevölkerungsumfragederSozialwissenschaften1976-2002.txt>
Allgemeine Bevölkerungsumfrage der Sozialwissenschaften	1984	DGS empirisch-quantitativ_v7/27-V-I-488-504.tsv; DGS empirisch-quantitativ_v7/28-S-I-346-351.tsv	-	10.4232/1.3708; 10.4232/1.1340; 10.4232/1.1601; 10.3886/ICPSR08453.v1; 10.3886/ICPSR08453; 10.3886/ICPSR08453.v2
Allgemeine Bevölkerungsumfrage der Sozialwissenschaften	1988	DGS empirisch-quantitativ_v7/27-V-I-505-519.tsv	-	10.3886/ICPSR09382; 10.3886/ICPSR09382.v1; 10.4232/1.3712; 10.4232/1.1670
Allgemeine Bevölkerungsumfrage der Sozialwissenschaften	1990	DGS empirisch-quantitativ_v7/27-V-I-450-458.tsv	-	10.4232/1.3714; 10.4232/1.1800; 10.3886/ICPSR06101; 10.3886/ICPSR06101.v1
Allgemeine Bevölkerungsumfrage der Sozialwissenschaften	1991	DGS empirisch-quantitativ_v7/27-V-I-488-504.tsv	-	10.4232/1.3715; 10.4232/1.11923; 10.3886/ICPSR09832; 10.3886/ICPSR09832.v1; 10.4232/1.1990; 10.4232/1.11922
Allgemeine Bevölkerungsumfrage der Sozialwissenschaften	1992	DGS empirisch-quantitativ_v7/27-V-I-450-458.tsv; DGS empirisch-quantitativ_v7/27-V-I-505-519.tsv	-	10.4232/1.3716; 10.4232/1.11902; 10.3886/ICPSR06166; 10.3886/ICPSR06166.v1; 10.4232/1.2140; 10.4232/1.11901; 10.3886/ICPSR06523; 10.3886/ICPSR06523.v1
Allgemeine Bevölkerungsumfrage der Sozialwissenschaften	1994	DGS empirisch-quantitativ_v7/27-S-I-674-679.tsv; DGS empirisch-quantitativ_v7/27-V-I-488-504.tsv; DGS empirisch-quantitativ_v7/28-S-I-346-351.tsv	-	10.4232/1.3717; 10.3886/ICPSR06524; 10.3886/ICPSR06524.v1; 10.4232/1.2400
Allgemeine Bevölkerungsumfrage der Sozialwissenschaften	2010	MDA_part1/44275.tsv	-	10.4232/1.11692; 10.4232/1.11693; 10.4232/1.11782; 10.4232/1.11783; 10.4232/1.11489; 10.4232/1.11488; 10.4232/1.10760; 10.4232/1.10762; 10.4232/1.10446; 10.4232/1.11379; 10.4232/1.11380; 10.4232/1.11486; 10.4232/1.11487; 10.4232/1.10445
Allgemeine Bevölkerungsumfrage der Sozialwissenschaften	2012	MDA_part1/44275.tsv	-	10.4232/1.11952; 10.4232/1.11953; 10.4232/1.11754; 10.4232/1.11753; 10.4232/1.11595; 10.4232/1.11596; 10.4232/1.11634; 10.4232/1.11635; 10.4232/1.11774; 10.4232/1.12048; 10.4232/1.12051; 10.4232/1.11898; 10.4232/1.11899
Allgemeine Selbstwirksamkeitskurzskala 	-	MDA_part1/37419.tsv; MDA_part1/37421.tsv; MDA_part1/37577.tsv; MDA_part1/37422.tsv	-	10.6102/zis35
Alltag in Deutschland	-	DGS_v7/28-S-I-856-860.tsv	-	-
Alterssicherung in Deutschland 	1992	DGS_v7/27-V-I-916-929.tsv	-	10.4232/1.3655
ALWA	-	MDA_part1/38443.tsv; MDA_part1/42890.tsv	-	-
American General Social Survey	-	MDA_part1/44275.tsv	-	<AmericanGeneralSocialSurvey.txt>
American Identity Measure 	-	MDA_part1/44320.tsv	-	-
American National Election Studies 	2008-2009	MDA_part1/44275.tsv	-	10.3886/ICPSR35154; 10.3886/ICPSR35154.v1; 10.3886/ICPSR29182; 10.3886/ICPSR29182.v1; 10.3886/ICPSR25383.v1; 10.3886/ICPSR25383; 10.3886/ICPSR25383.v2; 10.3886/ICPSR35100; 10.3886/ICPSR35100.v1; 10.3886/ICPSR35153; 10.3886/ICPSR35153.v1; 
Analyse polizeilicher Ermittlungstätigkeit aus der Sicht des späteren Strafverfahrens	seit 1973	DGS empirisch-quantitativ_v7/18-V-I-736-749.tsv	-	-
Analyse sozialer Netzwerke	-	DGS empirisch-quantitativ_v7/20-S-II-706-710.tsv 	-	-
ANES	2008-2009	MDA_part1/44275.tsv	-	10.3886/ICPSR35154; 10.3886/ICPSR35154.v1; 10.3886/ICPSR29182; 10.3886/ICPSR29182.v1; 10.3886/ICPSR25383.v1; 10.3886/ICPSR25383; 10.3886/ICPSR25383.v2; 10.3886/ICPSR35100; 10.3886/ICPSR35100.v1; 10.3886/ICPSR35153; 10.3886/ICPSR35153.v1; 
Anzahl und Situation der zu Hause lebenden Pflegebedürftigen	-	DGS empirisch-quantitativ_v7/20-S-II-497-507.tsv	-	-
Aortokoronarer Venenbypass und Rückkehr zur Arbeit	-	DGS empirisch-quantitativ_v7/27-S-I-252-256.tsv	-	-
AR1	-	MDA_part1/37419.tsv; MDA_part1/37577.tsv	-	10.6102/zis182
Arbeiten und Lernen im Wandel	-	MDA_part1/38443.tsv; MDA_part1/42890.tsv	-	-
Arbeitswelt und Bildungsstrategien	-	DGS empirisch-quantitativ_v7/20-S-II-451-455.tsv	-	-
Arten und Grade der Unabhängigkeit bei den älteren Einwohnern der Schweiz	-	DGS empirisch-quantitativ_v7/28-S-I-294-299.tsv	-	-
Arztberuf und Ärztliche Praxis	-	DGS empirisch-quantitativ_v7/27-S-I-232-236.tsv	-	10.4232/1.3698
ASID'92	-	DGS empirisch-quantitativ_v7/27-V-I-916-929.tsv	-	-
ASKU	-	MDA_part1/37419.tsv; MDA_part1/37421.tsv; MDA_part1/37577.tsv; MDA_part1/37422.tsv	-	10.6102/zis35
Attraktivitätsrating 1 	-	MDA_part1/37419.tsv; MDA_part1/37577.tsv	-	10.6102/zis182
Ausbildungs- und Berufsverläufe der Geburtskohorten 1964 und 1971 in Westdeutschland	1998/99	DGS empirisch-quantitativ_v7/2187_Hillmert_Bildungsungleichheit.tsv	-	10.4232/1.3927
Ausländerzentralregister	-	MDA_part1/35912.tsv; MDA_part1/35913.tsv	-	-
Auswirkungen unterschiedlicher Kinderbetreuungsarrangements auf Familiensysteme und die Geschwisterdynamik anhand qualitativer Fallstudien	-	DGS empirisch-quantitativ_v7/1694.tsv	-	-
BEFKI	-	MDA_part1/37417.tsv; MDA_part1/37577.tsv	-	-
BEFKI gc-k	-	MDA_part1/37417.tsv; MDA_part1/37419.tsv	-	10.6102/zis220
Belastungen aus der Arbeitswelt	-	DGS empirisch-quantitativ_v7/0975_Mielck_Gesundheitsverhaltens.tsv	-	-
Bericht der Kommission zur Auswertung der Erfahrungen mit dem reformierten §218 des Strafgesetzbuches	-	DGS empirisch-quantitativ_v7/20-S-II-976-981.tsv	-	-
Bericht über das Problem der Pflegebedürftigkeit älterer Menschen und die Vorschläge zur Absicherung der Pflegekosten	-	DGS empirisch-quantitativ_v7/20-S-II-497-507.tsv	-	-
Berliner Studie (pairfam Begleituntersuchung)	-	MDA_part1/35913.tsv	-	-
Berliner Test zur Erfassung Fluider und Kristalliner Intelligenz	-	MDA_part1/37417.tsv; MDA_part1/37577.tsv	-	-
Berufliche Werdegänge von Wissenschaftlerinnen	-	DGS empirisch-quantitativ_v7/28-S-I-532-537.tsv; DGS empirisch-quantitativ_v7/28-S-I-537-544.tsv	-	-
Berufliche, Wirtschaftszweig- und tätigkeitsspezifische Verschleißschwerpunkte. Analyse von Arbeitsunfähigkeitsdaten einer Ortskrankenkasse	1979	DGS empirisch-quantitativ_v7/20-S-II-173-177.tsv	-	-
Betriebs- und Unternehmensregister 	-	MDA_part1/38443.tsv	-	-
Beziehungs- und Familienentwicklung	-	DGS empirisch-quantitativ_v7/1680.tsv	-	-
BFI-10	-	MDA_part1/37417.tsv; MDA_part1/37420.tsv; MDA_part1/37577.tsv; MDA_part1/37422.tsv	-	10.6102/zis76
BFI-S	-	MDA_part1/37420.tsv	-	10.6102/zis54
BIK-Gemeindeklassifikationen	-	DGS empirisch-quantitativ_v7/0839_Spellerberg_Polarisierung.tsv	-	-
BiKS-3-8	-	DGS empirisch-quantitativ_v7/0310.tsv	-	10.5159/IQB_BIKS_3_10_v1; 10.5159/IQB_BIKS_3_10_v2
BiKS-8-12	-	DGS empirisch-quantitativ_v7/0310.tsv	-	10.5159/IQB_BIKS_8_14_v1; 10.5159/IQB_BIKS_8_14_v2
BiKS-Kindergartenstudie	-	DGS empirisch-quantitativ_v7/0310.tsv	-	10.5159/IQB_BIKS_3_10_v1; 10.5159/IQB_BIKS_3_10_v2
BiKS-Schulstudie	-	DGS empirisch-quantitativ_v7/0310.tsv	-	10.5159/IQB_BIKS_8_14_v1; 10.5159/IQB_BIKS_8_14_v2
BiKS-Studie	2005	DGS empirisch-quantitativ_v7/0310.tsv	-	10.5159/IQB_BIKS_8_14_v1; 10.5159/IQB_BIKS_3_10_v2; 10.5159/IQB_BIKS_3_10_v1; 10.5159/IQB_BIKS_8_14_v2
Bildung, Betreuung und Erziehung vor und neben der Schule	-	DGS empirisch-quantitativ_v7/1694.tsv	ja	10.17888/nbb2009-2-A1; 10.4232/1.11957; 10.4232/1.12296; 10.4232/1.12297
Bildungsprozesse, Kompetenzentwicklung und Selektionsentscheidungen im Vor- und Grundschulalter	-	DGS empirisch-quantitativ_v7/0310.tsv	-	10.5159/IQB_BIKS_8_14_v1; 10.5159/IQB_BIKS_3_10_v2; 10.5159/IQB_BIKS_3_10_v1; 10.5159/IQB_BIKS_8_14_v2
Bourstedt-Regionen	-	DGS empirisch-quantitativ_v7/0839_Spellerberg_Polarisierung.tsv	-	-
British Houshold Panel Survey	-	MDA_part1/38443.tsv; MDA_part1/38448.tsv	-	-
BUR	-	MDA_part1/38443.tsv	-	-
Bürgererwartungen und Kommunalpolitik	1977	DGS empirisch-quantitativ_v7/20-S-II-135-139.tsv	-	-
Candidate Countries Barometer	2001-2003	DGS empirisch-quantitativ_v7/2235_Pickel_Differenzen_Faktors.tsv	-	<CandidateCountriesBarometer2001-2003.txt>
CASMIN	-	DGS empirisch-quantitativ_v7/2469_Isengard_Unterschiede_im_Freizeitverhalten.tsv	-	-
CCEB	2001-2003	DGS empirisch-quantitativ_v7/2235_Pickel_Differenzen_Faktors.tsv	-	<CCEB2001-2003.txt>
CEEB	1991-1997	DGS empirisch-quantitativ_v7/2235_Pickel_Differenzen_Faktors.tsv	-	10.4232/1.3068; 10.4232/1.2321; 10.4232/1.2577; 10.3886/ICPSR04153; 10.3886/ICPSR04153.v1; 10.3886/ICPSR06466; 10.3886/ICPSR06466.v3; 10.3886/ICPSR06656; 10.3886/ICPSR06656.v2; 10.3886/ICPSR06835; 10.3886/ICPSR06835.v2; 10.3886/ICPSR06106; 10.3886/ICPSR06106.v2; 10.4232/1.2251; 10.4232/1.2474; 10.4232/1.2802; 10.4232/1.2924; 10.4232/1.3648; 10.3886/ICPSR06106.v1; 10.3886/ICPSR06466.v2; 10.3886/ICPSR06466.v1; 10.3886/ICPSR06656.v1; 10.3886/ICPSR06835.v1; 10.3886/ICPSR06105; 10.3886/ICPSR06105.v210.3886/ICPSR06105.v1; 10.3886/ICPSR02296.v1; 10.3886/ICPSR02624.v1; 10.3886/ICPSR02624; 10.3886/ICPSR02624.v2; 10.3886/ICPSR02296; 10.3886/ICPSR02296.v2
CELLA1	-	MDA_part1/34854.tsv	-	10.4232/1.4875
CELLA2	-	MDA_part1/34854.tsv	-	10.4232/1.10829
Central and Eastern Eurobarometer	1991-1997	DGS empirisch-quantitativ_v7/2235_Pickel_Differenzen_Faktors.tsv	-	10.4232/1.3068; 10.4232/1.2321; 10.4232/1.2577; 10.3886/ICPSR04153; 10.3886/ICPSR04153.v1; 10.3886/ICPSR06466; 10.3886/ICPSR06466.v3; 10.3886/ICPSR06656; 10.3886/ICPSR06656.v2; 10.3886/ICPSR06835; 10.3886/ICPSR06835.v2; 10.3886/ICPSR06106; 10.3886/ICPSR06106.v2; 10.4232/1.2251; 10.4232/1.2474; 10.4232/1.2802; 10.4232/1.2924; 10.4232/1.3648; 10.3886/ICPSR06106.v1; 10.3886/ICPSR06466.v2; 10.3886/ICPSR06466.v1; 10.3886/ICPSR06656.v1; 10.3886/ICPSR06835.v1; 10.3886/ICPSR06105; 10.3886/ICPSR06105.v210.3886/ICPSR06105.v1; 10.3886/ICPSR02296.v1; 10.3886/ICPSR02624.v1; 10.3886/ICPSR02624; 10.3886/ICPSR02624.v2; 10.3886/ICPSR02296; 10.3886/ICPSR02296.v2
Children of the Great Depression	-	DGS_v7/27-V-I-818-836.tsv	-	-
Civil Liberties Scale (Freedom House)	2003	DGS empirisch-quantitativ_v7/2158_Mueller_spieltheoretischer_Erklaerungsansatz.tsv	-	-
Closing the Gap: Strategies for Action to Tackle Health Inequalities in Europe	-	DGS empirisch-quantitativ_v7/0975_Mielck_Gesundheitsverhaltens.tsv	-	-
CNEF	-	DGS empirisch-quantitativ_v7/0365.tsv	ja	10.5684/soep.v30i; 10.5684/soep.v30ibeta; 10.5684/soep.v28.1i; 10.5684/soep.v31.1i; 10.5684/soep.v31i
Control Agency Means-ends Skala	-	DGS_v7/27-V-I-765-780.tsv	-	-
Crime Victimization Survey	-	MDA_part1/44275.tsv	-	<CrimeVictimizationSurvey.txt>
Cross-National Equivalent File	-	DGS empirisch-quantitativ_v7/0365.tsv	ja	10.5684/soep.v30i; 10.5684/soep.v30ibeta; 10.5684/soep.v28.1i; 10.5684/soep.v31.1i; 10.5684/soep.v31i
Das Fernsehpublikum türkischer Herkunft	-	MDA_part1/35912.tsv	-	-
Datenhandbuch zur Deutschen Bildungsgeschichte	-	DGS empirisch-quantitativ_v7/27-S-I-324-333.tsv	-	10.4232/1.8142
Datensatz zur Befragung in Lichtenfels	-	MDA_part1/38445.tsv	-	-
DEFECT-Projekt	-	MDA_part1/38448.tsv; MDA_part1/39802.tsv	-	-
Delinquency and Disdain: Social Capital and the Control of RightWing Extremism Among East and West Berlin Youth	-	DGS empirisch-quantitativ_v7/27-V-I-818-836.tsv	-	-
Democrazy and School	-	MDA_part1/44285.tsv	-	-
DESIS	-	DGS empirisch-quantitativ_v7/1680.tsv	-	-
Detroit Area Study	-	MDA_part1/35915.tsv	-	10.3886/ICPSR23820; 10.3886/ICPSR23820.v1; 10.3886/ICPSR23820.v1; 10.3886/ICPSR24320; 10.3886/ICPSR24320.v1; 10.4232/1.0533; Sample-Kandidaten: 160
Deutsche Herz-Kreislauf-Präventionsstudie 	-	DGS empirisch-quantitativ_v7/28-S-I-591-594.tsv; DGS empirisch-quantitativ_v7/28-S-I-594-598.tsv	-	-
Deutsche Lebensverlaufsstudie 	-	MDA_part1/38443.tsv; DGS empirisch-quantitativ_v7/27-S-I-396-398.tsv; DGS empirisch-quantitativ_v7/1329_Mayer_Sinn_und_Wirklichkeit.tsv; DGS empirisch-quantitativ_v7/2187_Hillmert_Bildungsungleichheit.tsv	-	10.4232/1.3925; 10.4232/1.5099; 10.4232/1.2644; 10.4232/1.3927; 10.4232/1.3926; 10.4232/1.2645; 10.4232/1.2646; 10.4232/1.2647; 10.4232/1.2648
Deutsche/r bleiben?	-	MDA_part1/35914.tsv	-	-
DHP	-	DGS empirisch-quantitativ_v7/28-S-I-591-594.tsv; DGS empirisch-quantitativ_v7/28-S-I-594-598.tsv	-	-
DHS	-	MDA_part1/37577.tsv	-	-
Die Arbeitslosen von Marienthal	-	DGS empirisch-quantitativ_v7/27-V-I-736-749.tsv	-	-
Die Inszenierung von Nacktheit und Sexualität in Film und Fernsehen - Mediale Aneignungsprozesse von Jugendlichen	-	DGS empirisch-quantitativ_v7/1754.tsv	-	-
Die psychologische Analyse des Angebots der Würzburger Lokalpresse anhand eines inhaltsanalytischen Vergleichs	-	DGS empirisch-quantitativ_v7/20-S-II-866-874.tsv	-	-
Die Staatsanwaltschaft im Prozeß sozialer Kontrolle	1970	DGS empirisch-quantitativ_v7/18-V-I-736-749.tsv	-	-
Die Strategie sozialen Protests	1975	DGS empirisch-quantitativ_v7/20-S-II-123-129.tsv	-	-
DNB Household Survey 	-	MDA_part1/37577.tsv	-	-
Do Students develop school!?	-	MDA_part1/44285.tsv	-	-
DOCUMENTA IX	-	DGS empirisch-quantitativ_v7/28-S-I-188-192.tsv	-	-
Dokumentation (Nr. 131, 1994, KMK)	1994	DGS empirisch-quantitativ_v7/27-S-I-297-300.tsv	-	-
Dokumentation (Nr. 94, 1985, KMK)	1985	DGS empirisch-quantitativ_v7/27-S-I-297-300.tsv	-	-
DRG	-	DGS empirisch-quantitativ_v7/1384.tsv	-	-
dritte Kirchenmitgliedschaftsstudie	1992	DGS empirisch-quantitativ_v7/2357_Benthaus-Apel_Kirchenmitgliedschaftsstudie.tsv	-	10.4232/1.3385
DSM-IV	-	DGS empirisch-quantitativ_v7/1384.tsv	-	-
economic accessibility (scale)	-	DGS empirisch-quantitativ_v7/20-S-II-145-149.tsv	-	-
Eidgenössisches Gebäude- und Wohnungsregister 	-	MDA_part1/38448.tsv	-	-
Einbürgerungsstudie	-	MDA_part1/35914.tsv	-	-
Einkommens- und Verbrauchserhebung	1998-2002	DGS empirisch-quantitativ_v7/2450_Schmid_subjektive_Problemlagen.tsv	-	-
Einstellungen zum Sozialstaat	seit 2004	DGS empirisch-quantitativ_v7/2411.tsv	-	10.4232/1.5190; 10.4232/1.5191; 10.4232/1.5192; 10.4232/1.5193
EIS	-	MDA_part1/44320.tsv	-	-
Employment Protection Regulation Index (EPL, OECD, 2004)		DGS empirisch-quantitativ_v7/2448.tsv	-	-
Entwicklung im Jugendalter	1979-1983	DGS empirisch-quantitativ_v7/1741_Glaesser_Schulform.tsv	-	-
EPL-Index	2004	DGS empirisch-quantitativ_v7/2448.tsv	-	-
EQLS	-	MDA_part1/35915.tsv; MDA_part1/42889.tsv	-	-
Erhebung Leipziger Universitätsstudenten	-	MDA_part1/38446.tsv	-	-
ESS	2004 (Release 2)	DGS empirisch-quantitativ_v7/2448.tsv	-	-
ESS	-	MDA_part1/35915.tsv; MDA_part1/42886.tsv; MDA_part1/42889.tsv; MDA_part1/42893.tsv; MDA_part1/37422.tsv; MDA_part1/44275.tsv; DGS_v7/0839_Spellerberg_Polarisierung.tsv; DGS_v7/2448.tsv	-	-
Ethische, rechtliche und soziale Aspekte der Modernen Medizin	-	DGS empirisch-quantitativ_v7/1078.tsv	-	-
Ethnic Identity Scale 	-	MDA_part1/44320.tsv	-	-
Ethnische und nationale Identität von Kindern und Jugendlichen	-	MDA_part1/44320.tsv	-	10.6102/zis158
EU-MIDIS	-	MDA_part1/35912.tsv	-	-
Eurobarometer	-	MDA_part1/34854.tsv; MDA_part1/44275.tsv; DGS_v7/28-S-I-299-303.tsv; DGS_v7/28-S-I-294-299.tsv; DGS empirisch-quantitativ_v7/2235_Pickel_Differenzen_Faktors.tsv	-	Kandiaten: 1571
Eurocareers	-	DGS empirisch-quantitativ_v7/28-S-I-555-561.tsv	-	-
Europäische Erhebung zu Minderheiten und Diskriminierung (EU-MIDIS)	-	MDA_part1/35912.tsv	-	-
European Quality of Life Survey 	-	MDA_part1/35915.tsv; MDA_part1/42889.tsv	-	-
European Social Survey	2002/03	DGS empirisch-quantitativ_v7/0839_Spellerberg_Polarisierung.tsv	-	-
European Social Survey	2004 (Release 2)	DGS empirisch-quantitativ_v7/2448.tsv	-	-
European Social Survey	-	MDA_part1/35915.tsv; MDA_part1/42886.tsv; MDA_part1/42889.tsv; MDA_part1/42893.tsv; MDA_part1/37422.tsv; MDA_part1/44275.tsv; DGS_v7/0839_Spellerberg_Polarisierung.tsv; DGS_v7/2448.tsv	ja	-
European Social Survey 	2010	MDA_part1/44275.tsv	-	-
European Value Survey	1999/2000	DGS empirisch-quantitativ_v7/0326_Gerhards_Cultural_Overstretch.tsv	-	-
European Values Study	-	MDA_part1/35915.tsv; DGS_v7/0326_Gerhards_Cultural_Overstretch.tsv	-	<EuropeanValuesStudy.txt>
Evaluierung der 1. Schulbesprechung der Berufsberatung der Bundesanstalt für Arbeit	-	DGS empirisch-quantitativ_v7/20-S-II-992-997.tsv	-	-
EVE	1998-2002	DGS empirisch-quantitativ_v7/2450_Schmid_subjektive_Problemlagen.tsv	-	-
EVE	1998	DGS empirisch-quantitativ_v7/2450_Schmid_subjektive_Problemlagen.tsv	-	-
EVE	2002	DGS empirisch-quantitativ_v7/2450_Schmid_subjektive_Problemlagen.tsv	-	-
EVS	-	MDA_part1/35915.tsv; DGS_v7/0326_Gerhards_Cultural_Overstretch.tsv	-	<EVS.txt>
EVS	1999/2000	DGS empirisch-quantitativ_v7/0326_Gerhards_Cultural_Overstretch.tsv	-	<EVS19992000.txt>
EVS 	1983-2003	DGS empirisch-quantitativ_v7/0407_Noll_privaten_Verbrauch.tsv	-	<EVS19992000.txt>
EVS ("Einkommens- und Verbrauchsstichprobe")	1998	DGS empirisch-quantitativ_v7/0407_Noll_privaten_Verbrauch.tsv	-	-
Experiment on the influence of cooperative relationships on justice evaluations	-	MDA_part1/44276.tsv	-	10.4119/unibi/sfb882.2012.1
Experiment on the influence of interviewer presence and incentivizing on justice evaluations	-	MDA_part1/44276.tsv	-	10.4119/unibi/sfb882.2012.2
EZS	seit 2004	DGS empirisch-quantitativ_v7/2411.tsv	-	10.4232/1.5190; 10.4232/1.5191; 10.4232/1.5192; 10.4232/1.5193
FACES	-	MDA_part1/37419.tsv	-	-
Familie zwischen Flexibilität und Verlässlichkeit - Perspektiven für eine lebenslaufbezogene Familienpolitik	-	DGS empirisch-quantitativ_v7/1694.tsv	-	-
Familiensurvey 	1994	DGS empirisch-quantitativ_v7/28-S-I-751-755.tsv; DGS empirisch-quantitativ_v7/28-V-I-324-342.tsv	-	10.4232/1.2860; 10.4232/1.3210
Familiensurvey (Ost)	1990	DGS empirisch-quantitativ_v7/28-S-I-751-755.tsv	-	10.4232/1.2392; 10.4232/1.3210
Familiensurvey (West)	1988	DGS empirisch-quantitativ_v7/28-S-I-751-755.tsv	-	10.4232/1.2245; 10.4232/1.3210
Fertility and Family Surveys	1992	DGS empirisch-quantitativ_v7/1761_Dommermuth_Verselbststaendigung.tsv	-	10.4232/1.3400
FFS	1992	DGS empirisch-quantitativ_v7/1761_Dommermuth_Verselbststaendigung.tsv	-	10.4232/1.3400
Forschungsprojekt über berufliche Verschleißschwerpunkte	-	DGS empirisch-quantitativ_v7/18-V-I-954-972.tsv	-	-
Fortune 500	-	DGS empirisch-quantitativ_v7/28-S-I-157-160.tsv	-	-
Frauen-Leben-Studie	-	DGS empirisch-quantitativ_v7/1680.tsv	-	-
Freedom in the World 	2003	DGS empirisch-quantitativ_v7/0875.tsv	-	-
Freundschaft und Identität in der Schule	-	MDA_part1/44320.tsv	-	-
Fünften Familienbericht der Bundesregierung 	1994	DGS empirisch-quantitativ_v7/0343.tsv	-	-
FY 1996 immigrant cohort	1996	econStor/10419-35055.tsv	-	-
GAVID	-	DGS empirisch-quantitativ_v7/28-S-I-594-598.tsv	-	-
gc Skala zur Messung kristalliner Intelligenz	-	MDA_part1/37417.tsv; MDA_part1/37419.tsv	-	10.6102/zis220
GDI	-	DGS empirisch-quantitativ_v7/1097.tsv	-	-
Gebäudekataster	-	MDA_part1/38448.tsv	-	-
Geburtsregister Gerolstein	-	DGS empirisch-quantitativ_v7/28-V-I-358-372.tsv	-	-
Gemeindebefragung im Saarland	2005	DGS empirisch-quantitativ_v7/2488.tsv	-	-
Gemeindestudie "Gotha"	-	DGS empirisch-quantitativ_v7/27-V-I-736-749.tsv	-	-
Gemeindestudie "Tranlin"	-	DGS empirisch-quantitativ_v7/27-V-I-736-749.tsv	-	-
Gemeindestudie "Waldleben"	-	DGS empirisch-quantitativ_v7/27-V-I-736-749.tsv	-	-
Gemeindestudie "Werda und Regnitzlosau"	-	DGS empirisch-quantitativ_v7/27-V-I-736-749.tsv	-	-
Gemeindestudie "Wittenberg"	-	DGS empirisch-quantitativ_v7/27-V-I-736-749.tsv	-	-
Gemeindestudie "Würzen"	-	DGS empirisch-quantitativ_v7/27-V-I-736-749.tsv	-	-
Gender-related Development Index	-	DGS empirisch-quantitativ_v7/1097.tsv	-	-
Generations and Gender Survey	-	DGS empirisch-quantitativ_v7/1680.tsv; MDA_part1/35913.tsv	ja	10.4232/10.CPoS-2013-02en
GENESIS Tabelle	-	MDA_part1/42891.tsv	-	-
Geodatenportal Liechtenstein	-	MDA_part1/38448.tsv	-	-
GeoDatenZentrum	-	MDA_part1/38448.tsv	-	-
Geoportal Deutschland	-	MDA_part1/38448.tsv	-	-
Geoportal Schweiz	-	MDA_part1/38448.tsv	-	-
Geopost	-	MDA_part1/38448.tsv	-	-
German Census	-	MDA_part1/44275.tsv	-	-
German General Social Survey	-	MDA_part1/44275.tsv	-	<GermanGeneralSocialSurvey.txt>
German General Social Survey 	2010	MDA_part1/44275.tsv	-	10.4232/1.11692; 10.4232/1.11693; 10.4232/1.11782; 10.4232/1.11783; 10.4232/1.11489; 10.4232/1.11488; 10.4232/1.10760; 10.4232/1.10762; 10.4232/1.10446; 10.4232/1.11379; 10.4232/1.11380; 10.4232/1.11486; 10.4232/1.11487; 10.4232/1.10445
German General Social Survey 	2012	MDA_part1/44275.tsv	-	10.4232/1.11952; 10.4232/1.11953; 10.4232/1.11754; 10.4232/1.11753; 10.4232/1.11595; 10.4232/1.11596; 10.4232/1.11634; 10.4232/1.11635; 10.4232/1.11774; 10.4232/1.12048; 10.4232/1.12051; 10.4232/1.11898; 10.4232/1.11899
German Internet Panel	-	MDA_part1/42889.tsv	-	10.4232/1.12180; 10.4232/1.12301; 10.4232/1.12109; 10.4232/1.12111; 10.4232/1.12112; 10.4232/1.12114; 10.4232/1.12121; 10.4232/1.12122; 10.4232/1.12123; 10.4232/1.12108; 10.4232/1.12110; 10.4232/1.12120; 10.4232/1.12179; 10.4232/1.12320; 10.4232/1.12408; 10.4232/1.12107; 10.4232/1.12178; 10.4232/1.12113
German Microcensus	-	MDA_part1/44275.tsv	-	-
German Socio-economic Panel 	2008	MDA_part1/44275.tsv	-	<GermanSocio-economicPanel2008.txt>
GESIS Online Panel Pilot	-	MDA_part1/44275.tsv	-	10.4232/1.11577; 10.4232/1.11573; 10.4232/1.11575; 10.4232/1.11574; 10.4232/1.11503; 10.4232/1.11560; 10.4232/1.11570; 10.4232/1.11571; 10.4232/1.11572; 10.4232/1.11576
GESIS Online Panel Pilot 	2011-2012	MDA_part1/44275.tsv	-	10.4232/1.11575; 10.4232/1.11573; 10.4232/1.11574; 10.4232/1.11503; 10.4232/1.11571; 10.4232/1.11570; 10.4232/1.11560; 10.4232/1.11572; 10.4232/1.11576
GESIS Panel	-	MDA_part1/44275.tsv	-	10.4232/1.11878; doi:10.4232/1.12360; www.gesispanel.org
Gesundheit und ambulante Versorgung in Deutschland	-	DGS empirisch-quantitativ_v7/28-S-I-594-598.tsv	-	-
Gesundheitsbericht für Deutschland	-	DGS empirisch-quantitativ_v7/0975_Mielck_Gesundheitsverhaltens.tsv	-	-
Gesundheitsförderung bei sozial Benachteiligten	-	DGS empirisch-quantitativ_v7/0975_Mielck_Gesundheitsverhaltens.tsv	-	-
Gesundheitsmonitor	-	DGS empirisch-quantitativ_v7/0975_Mielck_Gesundheitsverhaltens.tsv	-	-
Gesundheitssurvey	2003	DGS empirisch-quantitativ_v7/1379.tsv	-	-
Gesundheitssurvey	-	MDA_part1/35884.tsv; DGS_v7/1379.tsv	ja	10.7797/47-199799-1-1-3 
Gewaltdarstellungen im Fernsehen und die Einstellungen zu aggressiven Handlungen bei 12-15jährigen Kindern	-	DGS empirisch-quantitativ_v7/20-S-II-888-893.tsv	-	-
GGS	-	DGS empirisch-quantitativ_v7/1680.tsv	-	-
GINI-Index	-	DGS empirisch-quantitativ_v7/2158_Mueller_spieltheoretischer_Erklaerungsansatz.tsv	-	-
Glaube ist cool, Kirche ist uncool!	-	DGS empirisch-quantitativ_v7/2386.tsv	-	-
GLHS	-	MDA_part1/38443.tsv; DGS empirisch-quantitativ_v7/27-S-I-396-398.tsv; DGS empirisch-quantitativ_v7/1329_Mayer_Sinn_und_Wirklichkeit.tsv; DGS empirisch-quantitativ_v7/2187_Hillmert_Bildungsungleichheit.tsv	-	10.4232/1.3925; 10.4232/1.5099; 10.4232/1.2644; 10.4232/1.3927; 10.4232/1.3926; 10.4232/1.2645; 10.4232/1.2646; 10.4232/1.2647; 10.4232/1.2648
Global Competitiveness Report 2000	2000	DGS empirisch-quantitativ_v7/2158_Mueller_spieltheoretischer_Erklaerungsansatz.tsv	-	-
Good People and Dirty Work	-	DGS empirisch-quantitativ_v7/27-V-I-818-836.tsv	-	-
GOPP	-	MDA_part1/44275.tsv	-	10.4232/1.11577; 10.4232/1.11573; 10.4232/1.11575; 10.4232/1.11574; 10.4232/1.11503; 10.4232/1.11560; 10.4232/1.11570; 10.4232/1.11571; 10.4232/1.11572; 10.4232/1.11576
GOPP	Wave 2	MDA_part1/44275.tsv	-	10.4232/1.11571
GOPP	Wave 3	MDA_part1/44275.tsv	-	10.4232/1.11560; 10.4232/1.11503
GOPP	Wave 4	MDA_part1/44275.tsv	-	10.4232/1.11572
GOPP	Wave 5	MDA_part1/44275.tsv	-	10.4232/1.11573
GOPP	Wave 7	MDA_part1/44275.tsv	-	10.4232/1.11575
GOPP 	2011-2012	MDA_part1/44275.tsv	-	10.4232/1.11575; 10.4232/1.11573; 10.4232/1.11574; 10.4232/1.11503; 10.4232/1.11571; 10.4232/1.11570; 10.4232/1.11560; 10.4232/1.11572; 10.4232/1.11576
GOPP 	Wave 1	MDA_part1/44275.tsv	-	10.4232/1.11570
Grenzen des Wachstums? Bevölkerungswachstum, Mobilisierung und (Um)verteilung von Einkommen in OECD-Ländern 1970-2000	1970-200	DGS empirisch-quantitativ_v7/0343.tsv	-	-
Grundbuchplan Liechtenstein	-	MDA_part1/38448.tsv	-	-
GSOEP 	2008	MDA_part1/44275.tsv	-	<GSOEP2008.txt>
GSS	-	MDA_part1/44275.tsv	-	-
GWR	-	MDA_part1/38448.tsv	-	-
Gymnasiastenstudie	1996	DGS empirisch-quantitativ_v7/0310.tsv	ja	10.4232/1.0640; 10.4232/1.11348; 10.4232/1.4228; 10.4232/1.11920; 10.4232/1.1440; 10.4232/1.0600; 10.4232/1.0639; 10.4232/1.0996; 10.4232/1.1032; 10.4232/1.1441
Hagener Matrizen-Test 	-	MDA_part1/37577.tsv	-	10.12758/mda.2013.011
Hallesche Längsschnittstudie 	-	DGS empirisch-quantitativ_v7/28-S-I-561-567.tsv	-	-
Haushaltssurvey (Ungarn)	-	DGS empirisch-quantitativ_v7/27-V-I-520-532.tsv; DGS empirisch-quantitativ_v7/27-S-I-431-437.tsv	-	-
HdA-Programm	-	DGS empirisch-quantitativ_v7/20-S-II-178-182.tsv	-	-
HDI	-	DGS empirisch-quantitativ_v7/0326_Gerhards_Cultural_Overstretch.tsv	-	-
HDR 	2005	DGS empirisch-quantitativ_v7/0875.tsv	-	-
HILDA	-	MDA_part1/37577.tsv	-	-
HLC-Skala	-	DGS empirisch-quantitativ_v7/28-S-I-594-598.tsv	-	http://dx.doi.org/10.1037/0022-006X.44.4.580
HLS	-	DGS empirisch-quantitativ_v7/28-S-I-561-567.tsv	-	-
HMT-S	-	MDA_part1/37577.tsv	-	10.12758/mda.2013.011
Household, Income and Labour Dynamics	-	MDA_part1/37577.tsv	-	-
How Are Immigrants Faring after Welfare Reform? Preliminary Evidence from Los Angeles and New York City. Final Report.	-	econStor/10419-35055.tsv	ja	-
Human Development Index	-	DGS empirisch-quantitativ_v7/0326_Gerhards_Cultural_Overstretch.tsv	-	-
Human Genom Project	-	DGS empirisch-quantitativ_v7/1078.tsv	-	-
IAB-Beschäftigtenstichprobe	-	DGS empirisch-quantitativ_v7/28-S-I-303-308.tsv	-	10.4232/1.3136; 10.4232/1.2842; 10.4232/1.2640; 10.4232/1.3348
IAB-Querschnittsbefragung Zusammenlegung von Arbeitslosen- und Sozialhilfe: Übergangsmuster, Strukturen und Folgen für die Betroffenen	2005/2006	DGS empirisch-quantitativ_v7/2436.tsv	-	-
IALS	-	MDA_part1/42886.tsv; MDA_part1/42889.tsv; MDA_part1/42890.tsv; MDA_part1/42884.tsv	ja	10.3886/ICPSR03607
ICD-10	seit 2000	DGS empirisch-quantitativ_v7/1384.tsv	-	10.3886/E60835V2; 10.3886/E60844V3; 10.3886/E60844V2; 10.3886/E60835V1; 10.3886/E60844V1
ICIDH	-	DGS empirisch-quantitativ_v7/28-S-I-264-269.tsv	-	-
IE-4	-	MDA_part1/37421.tsv	-	10.6102/zis184
IGLU-Studie	-	DGS empirisch-quantitativ_v7/0073_Vester_soziale_Milieus.tsv	-	10.5159/IQB_IGLU_2001_v1; 10.5159/IQB_IGLU_2006_v1; 10.5159/IQB_IGLU_2011_v1
IKG-Jugendpanel	-	DGS empirisch-quantitativ_v7/1776_Wiebke_Alltagskulturelle_Orientierungen.tsv	-	10.4232/1.4493
Illegal Immigration and the International System, Lessons from Recent Legal Mexican Immigrants to the United States	-	econStor/10419-35055.tsv	ja	10.2307/800506
Immigrant Earnings: Cuban and Mexican Immigrants in the United States	-	econStor/10419-35055.tsv	ja	-
Indikatoren und Karten zur Raum- und Stadtentwicklung 	-	DGS empirisch-quantitativ_v7/0839_Spellerberg_Polarisierung.tsv	-	-
Individualisation of Religiosity in Central and Eastern Europe	-	DGS empirisch-quantitativ_v7/2235_Pickel_Differenzen_Faktors.tsv	-	-
Info-Dienst Deutsche Aussiedler	-	DGS empirisch-quantitativ_v7/27-V-I-377-394.tsv	-	-
Infrastructure für Spatial Information in the European Community 	-	MDA_part1/38448.tsv	-	-
Inkar	2003	DGS empirisch-quantitativ_v7/0839_Spellerberg_Polarisierung.tsv	-	-
Inkar 	2001	DGS empirisch-quantitativ_v7/0839_Spellerberg_Polarisierung.tsv	-	-
Inklusionsprofile	-	DGS empirisch-quantitativ_v7/0828_Burzan_laendlichen_Raum.tsv	-	-
Innovation Panel	-	MDA_part1/44275.tsv	-	-
INSPIRE	-	MDA_part1/38448.tsv	-	-
Institutionaliserung des Lebenslaufes	1985	DGS empirisch-quantitativ_v7/1761_Dommermuth_Verselbststaendigung.tsv	-	-
Institutionelle und subjektive Bedingungen der Partizipationim Krankenhaus	-	DGS empirisch-quantitativ_v7/18-V-I-186-190.tsv	-	http://sowiport.gesis.org/search/id/wzb-bib-80203
Integrationssurvey	-	MDA_part1/35912.tsv	-	10.4232/1.4821
Intergovernmental Panel on Climate Change	2007	DGS empirisch-quantitativ_v7/0875.tsv	-	-
Internale-Externale-Kontrollüberzeugung-4 	-	MDA_part1/37421.tsv	-	10.6102/zis184
International Adult Literacy Survey	-	MDA_part1/42886.tsv; MDA_part1/42889.tsv; MDA_part1/42890.tsv; MDA_part1/42884.tsv	ja	10.3886/ICPSR03607
International Classification of Diseases 	-	DGS empirisch-quantitativ_v7/28-S-I-264-269.tsv; DGS empirisch-quantitativ_v7/1384.tsv	-	-
International Classification of Impairments, Disabilities and Handicaps	-	DGS empirisch-quantitativ_v7/28-S-I-264-269.tsv	-	-
International Financial Statistics	-	econStor/10419-35124.tsv	-	10.3886/ICPSR07629
International Social Survey Program	1991	DGS empirisch-quantitativ_v7/2235_Pickel_Differenzen_Faktors.tsv	-	10.4232/1.2150; 10.4232/1.10860; 10.4232/1.10995; 10.3886/ICPSR03881.v1; 10.3886/ICPSR03881
International Social Survey Program	1998	DGS empirisch-quantitativ_v7/2235_Pickel_Differenzen_Faktors.tsv	-	10.4232/1.10860; 10.4232/1.10995; 10.14473/ISSP00017; 10.4232/1.3190; 10.3886/ICPSR03881.v1; 10.3886/ICPSR03881
International Social Survey Program	2001	DGS empirisch-quantitativ_v7/2575.tsv	-	10.4232/1.3680; 10.14473/ISSP00010
International Social Survey Programme 	-	MDA_part1/37420.tsv; MDA_part1/37577.tsv; MDA_part1/44275.tsv; DGS_v7/27-S-I-121-126.tsv; DGS_v7/27-V-I-488-504.tsv; DGS_v7/0489_Ullrich_Generationenkonflikt.tsv; DGS_v7/1717.tsv; DGS empirisch-quantitativ_v7/2235_Pickel_Differenzen_Faktors.tsv	-	<InternationalSocialSurveyProgramme.txt>
International Socio-Economic Index of Occupational Status (ISEI)	-	MDA_part1/37417.tsv	ja	10.4232/1.4260; http://www.gesis.org/missy/studie/klassifikationen/sozialwissenschaftliche-klassifikationen/isei/
International Standard Classification for Education	1975	DGS empirisch-quantitativ_v7/1761_Dommermuth_Verselbststaendigung.tsv	-	-
International Standard Classification of Education 	-	MDA_part1/37417.tsv; MDA_part1/37421.tsv; MDA_part1/37422.tsv; DGS_v7/1761_Dommermuth_Verselbststaendigung.tsv	ja	10.4232/1.4262; http://www.uis.unesco.org/Education/Pages/international-standard-classification-of-education.aspx
International Standard Classification of Occupations (ISCO)	-	MDA_part1/37417.tsv; MDA_part1/42884.tsv	ja	10.4232/1.4261; http://www.ilo.org/public/english/bureau/stat/isco/
International Standard Industrial Classification 	-	DGS empirisch-quantitativ_v7/0365.tsv	ja	10.3886/ICPSR07895; 10.3886/ICPSR07895.v1
IPCC 	2007	DGS empirisch-quantitativ_v7/0875.tsv	-	-
ISCE	1975	DGS empirisch-quantitativ_v7/1761_Dommermuth_Verselbststaendigung.tsv	-	-
ISCED	-	MDA_part1/37417.tsv; MDA_part1/37421.tsv; MDA_part1/37422.tsv; DGS_v7/1761_Dommermuth_Verselbststaendigung.tsv	-	10.4232/1.4262; http://www.uis.unesco.org/Education/Pages/international-standard-classification-of-education.aspx
ISCED	1975	DGS empirisch-quantitativ_v7/1761_Dommermuth_Verselbststaendigung.tsv	-	-
ISCO	-	MDA_part1/37417.tsv; MDA_part1/42884.tsv	-	10.4232/1.4261; http://www.ilo.org/public/english/bureau/stat/isco/
ISEI	-	MDA_part1/37417.tsv	-	10.4232/1.4260; http://www.gesis.org/missy/studie/klassifikationen/sozialwissenschaftliche-klassifikationen/isei/
ISIC 50-55	-	DGS empirisch-quantitativ_v7/0365.tsv	ja	10.3886/ICPSR07895; 10.3886/ICPSR07895.v1
ISIC 60-64	-	DGS empirisch-quantitativ_v7/0365.tsv	ja	10.3886/ICPSR07895; 10.3886/ICPSR07895.v1
ISIC 65-74	-	DGS empirisch-quantitativ_v7/0365.tsv	ja	10.3886/ICPSR07895; 10.3886/ICPSR07895.v1
ISIC 75-99	-	DGS empirisch-quantitativ_v7/0365.tsv	ja	10.3886/ICPSR07895; 10.3886/ICPSR07895.v1
ISSP	-	DGS empirisch-quantitativ_v7/0489_Ullrich_Generationenkonflikt.tsv; MDA_part1/44275.tsv	-	<ISSP.txt>
ISSP	2001	DGS empirisch-quantitativ_v7/1717.tsv	-	10.4232/1.3680
ISSP	1991	DGS empirisch-quantitativ_v7/2235_Pickel_Differenzen_Faktors.tsv	-	10.4232/1.2150; 10.4232/1.10860; 10.4232/1.10995; 10.3886/ICPSR03881.v1; 10.3886/ICPSR03881
ISSP	1998	DGS empirisch-quantitativ_v7/2235_Pickel_Differenzen_Faktors.tsv	-	10.4232/1.10860; 10.4232/1.10995; 10.14473/ISSP00017; 10.4232/1.3190; 10.3886/ICPSR03881.v1; 10.3886/ICPSR03881
ISSP 	1984	DGS empirisch-quantitativ_v7/27-S-I-121-126.tsv	-	-
ISSP 	1992	DGS empirisch-quantitativ_v7/27-V-I-488-504.tsv	-	10.3886/ICPSR06493; 10.3886/ICPSR06493.v1; 10.4232/1.2310; 10.4232/1.11912; 10.4232/1.11911
Jahresbericht des Sachverständigenrates deutscher Stiftungen für Migration und Integration	-	MDA_part1/35912.tsv	-	-
Jahresbericht zum Stand der deutschen Einheit	2004	DGS empirisch-quantitativ_v7/0839_Spellerberg_Polarisierung.tsv	-	-
Kindheit und Jugend in Deutschland vor und nach der Vereinigung		DGS empirisch-quantitativ_v7/27-V-I-818-836.tsv	-	-
Kirchenmitgliedschaftsstudie	seit 1972	DGS empirisch-quantitativ_v7/2357_Benthaus-Apel_Kirchenmitgliedschaftsstudie.tsv	-	10.4232/1.2419; 10.4232/1.2420; 10.4232/1.3385; 10.4232/1.4392; 10.4232/1.5172; 10.4232/1.5173
Kirchenmitgliedschaftsuntersuchung	2002	DGS empirisch-quantitativ_v7/2357_Benthaus-Apel_Kirchenmitgliedschaftsstudie.tsv	-	10.4232/1.4392
KMKB	-	MDA_part1/37422.tsv	-	10.6102/zis129
Knowledge Panel	-	MDA_part1/44275.tsv	-	-
KONTIV	-	DGS empirisch-quantitativ_v7/20-S-II-497-507.tsv	-	10.4232/1.1605
Kontrollüberzeugungsskala 	-	MDA_part1/37422.tsv	-	10.6102/zis129
Kriminalitätsfurcht in Hessen	-	MDA_part1/35912.tsv	-	-
KSE-G	-	MDA_part1/37422.tsv	-	10.6102/zis186; http://www.gesis.org/fileadmin/kurzskalen/working_papers/KSE_G_Workingpaper.pdf
Kurzskala interpersonelles Vertrauen 	-	MDA_part1/37420.tsv	-	10.6102/zis37
Kurzskala Lebenszufriedenheit	-	DGS empirisch-quantitativ_v7/2424.tsv; DGS empirisch-quantitativ_v7/2450_Schmid_subjektive_Problemlagen.tsv	-	10.6102/zis229
Kurzskala Soziale Erwünschtheit-Gamma	-	MDA_part1/37422.tsv	-	10.6102/zis186; http://www.gesis.org/fileadmin/kurzskalen/working_papers/KSE_G_Workingpaper.pdf
KUSIV3	-	MDA_part1/37420.tsv	-	10.6102/zis37
Labour Force Survey	-	MDA_part1/35914.tsv; MDA_part1/44275.tsv	-	-
Ladder of Participation	-	MDA_part1/44285.tsv	-	-
Ländliche Lebensverhältnisse im Wandel 	1952,1972,1994/5	DGS empirisch-quantitativ_v7/28-V-I-603-617.tsv	-	-
Lebensverläufe ins frühe Erwachsenenalter	2002	DGS empirisch-quantitativ_v7/1741_Glaesser_Schulform.tsv	-	-
Lebensverläufe und historischer Wandel in der ehemaligen DDR	-	DGS empirisch-quantitativ_v7/27-V-I-765-780.tsv	-	10.4232/1.2644
Lebensverlaufsstudie	2004	DGS empirisch-quantitativ_v7/1329_Mayer_Sinn_und_Wirklichkeit.tsv	-	10.4232/1.3927; 10.4232/1.3925; 10.4232/1.3926
Legitimation of inequality over the life-span	-	MDA_part1/44276.tsv	-	10.4119/unibi/sfb882.2014.9
LifE	2002	DGS empirisch-quantitativ_v7/1741_Glaesser_Schulform.tsv	-	-
Life-Orientation-Test	-	MDA_part1/37422.tsv	-	10.6102/zis185; 10.1026/0943-8149.16.1.26; http://www.gesis.org/fileadmin/kurzskalen/working_papers/SOP2_Workingpaper.pdf
LINOS1	-	MDA_part1/44276.tsv	-	10.4119/unibi/sfb882.2014.9
LISS Panel	-	MDA_part1/44275.tsv	-	-
Longitudinal Internet Studies for the Social Science (LISS)	-	MDA_part1/44275.tsv	-	-
LOT-R	-	MDA_part1/37422.tsv	-	10.6102/zis185; 10.1026/0943-8149.16.1.26; http://www.gesis.org/fileadmin/kurzskalen/working_papers/SOP2_Workingpaper.pdf
Luxembourg Income Study	-	DGS empirisch-quantitativ_v7/27-S-I-470-478.tsv	-	-
Magnitude-Prestigeskala 	1987	DGS_v7/0910_Diewald_Eltern_Kind_Beziehug.tsv	-	10.4232/1.4260
Männer-Leben-Studie	-	DGS empirisch-quantitativ_v7/1680.tsv	-	-
Markt und Plan: Zwei Typen der Rationalität	-	DGS empirisch-quantitativ_v7/27-S-I-232-236.tsv	-	-
Massenpartizipation in fünf westlichen Demokratien	1979	DGS empirisch-quantitativ_v7/20-S-II-123-129.tsv	-	-
Mediale Debatten über Humangenomforschung in Deutschland und den USA im Vergleich	-	DGS empirisch-quantitativ_v7/1078.tsv	-	-
Mehrthemenbefragung	-	MDA_part1/35914.tsv	-	-
MEIM	-	MDA_part1/44320.tsv	-	10.1177/074355489272003; http://jar.sagepub.com/content/7/2/156.full.pdf+html
Mental Component Score	-	DGS empirisch-quantitativ_v7/1379.tsv	-	-
Metadatenkatalog für Geodaten (Schweiz)	-	MDA_part1/38448.tsv	-	-
Metastudie Ackermann/Heggestad 	-	MDA_part1/37417.tsv	-	-
MICROM-SOEP	-	MDA_part1/35914.tsv; MDA_part1/42889.tsv; MDA_part1/42890.tsv	-	-
Mikrozensus (Deutschland)	-	MDA_part1/35913.tsv; MDA_part1/34854.tsv; MDA_part1/42889.tsv; DGS_v7/20-S-II-508-513.tsv; DGS_v7/27-V-I-377-394.tsv; DGS_v7/28-V-I-324-342.tsv	-	-
Mikrozensus (Schweiz)	-	MDA_part1/38448.tsv	-	-
Milieu-Indikator	-	DGS empirisch-quantitativ_v7/1776_Wiebke_Alltagskulturelle_Orientierungen.tsv	-	-
Mini-Panel	2006	DGS empirisch-quantitativ_v7/1680.tsv	-	-
Mobilitätsuntersuchung 	1969	DGS empirisch-quantitativ_v7/20-S-II-629-634.tsv	-	-
Modellprogramm Beratungsstellen	-	DGS empirisch-quantitativ_v7/20-S-II-976-981.tsv	-	-
MPS	1987	DGS empirisch-quantitativ_v7/0910_Diewald_Eltern_Kind_Beziehug.tsv	-	10.4232/1.4260
Multigroup Ethnic Identity Measure	-	MDA_part1/44320.tsv	-	10.1177/074355489272003; http://jar.sagepub.com/content/7/2/156.full.pdf+html
Muslime in Deutschland	-	MDA_part1/35912.tsv	ja	10.4232/1.12023 
Mythos des ganzen Hauses	-	DGS empirisch-quantitativ_v7/28-V-I-324-342.tsv	-	-
NALS	-	MDA_part1/35915.tsv; MDA_part1/42889.tsv	-	10.3886/ICPSR03607
National Adult Literacy Survey	-	MDA_part1/35915.tsv; MDA_part1/42889.tsv	ja	10.3886/ICPSR03607
National Educational Panel Study	-	MDA_part1/42889.tsv; MDA_part1/42884.tsv	-	10.5157/NEPS:SC5:4.0.0; 10.5157/NEPS:SC6:1.0.0; 10.5157/NEPS:SC2:1.0.0; 10.5157/NEPS:SC6:5.0.0; 10.5157/NEPS:SC6:5.1.0; 10.5157/NEPS:SC5:3.0.0; 10.5157/NEPS:SC6:3.0.0; 10.5157/NEPS:SC6:3.0.1; 10.5157/NEPS:SC2:2.0.0; 10.5157/NEPS:SC3:3.0.0; 10.5157/NEPS:SC1:1.0.0; 10.5157/NEPS:SC1:2.0.0; 10.5157/NEPS:SC3:3.1.0; 10.5157/NEPS:SC2:3.0.0; 10.5157/NEPS:SC3:1.0.0; 10.5157/NEPS:SC4:1.0.0; 10.5157/NEPS:SC4:1.1.0; 10.5157/NEPS:SC3:2.0.0; 10.5157/NEPS:SC4:4.0.0; 10.5157/NEPS:SC5:3.1.0
National Survey of Families and Households	-	DGS empirisch-quantitativ_v7/1680.tsv	-	10.3886/ICPSR06041; 10.3886/ICPSR06041.v1; 10.3886/ICPSR06906; 10.3886/ICPSR06906.v1
National Survey of Family Growth	-	DGS empirisch-quantitativ_v7/1680.tsv	-	10.3886/ICPSR04157; 10.3886/ICPSR04157.v1; 10.3886/ICPSR07898; 10.3886/ICPSR07898.v1; 10.3886/ICPSR07902; 10.3886/ICPSR07902.v2; 10.3886/ICPSR08181; 10.3886/ICPSR08181.v1; 10.3886/ICPSR08328; 10.3886/ICPSR08328.v4; 10.3886/ICPSR06643; 10.3886/ICPSR06643.v1; 10.3886/ICPSR06960; 10.3886/ICPSR06960.v2; 10.3886/ICPSR09473; 10.3886/ICPSR09473.v3; 10.3886/ICPSR06960.v1; 10.3886/ICPSR09473.v2; 10.3886/ICPSR09473.v1; 10.3886/ICPSR08328.v3; 10.3886/ICPSR08328.v2; 10.3886/ICPSR08328.v1; 10.3886/ICPSR07902.v1
Nationale Geodateninfrastruktur (Liechtenstein)	-	MDA_part1/38448.tsv	-	-
Nationale Kohorte	-	MDA_part1/37577.tsv	-	-
Nationales Adressregister Österreich	-	MDA_part1/38448.tsv	-	-
NDB	-	DGS empirisch-quantitativ_v7/27-S-I-419-424.tsv	-	-
NEO-FFI	-	MDA_part1/37420.tsv	-	-
NEO-Five Factor Inventory 	-	MDA_part1/37420.tsv	-	-
NEO-Personality Inventory 	-	MDA_part1/37420.tsv; MDA_part1/37577.tsv	-	-
NEO-PI-R	-	MDA_part1/37420.tsv; MDA_part1/37577.tsv	-	-
NEPS	-	MDA_part1/42889.tsv; MDA_part1/42884.tsv	-	10.5157/NEPS:SC5:4.0.0; 10.5157/NEPS:SC6:1.0.0; 10.5157/NEPS:SC2:1.0.0; 10.5157/NEPS:SC6:5.0.0; 10.5157/NEPS:SC6:5.1.0; 10.5157/NEPS:SC5:3.0.0; 10.5157/NEPS:SC6:3.0.0; 10.5157/NEPS:SC6:3.0.1; 10.5157/NEPS:SC2:2.0.0; 10.5157/NEPS:SC3:3.0.0; 10.5157/NEPS:SC1:1.0.0; 10.5157/NEPS:SC1:2.0.0; 10.5157/NEPS:SC3:3.1.0; 10.5157/NEPS:SC2:3.0.0; 10.5157/NEPS:SC3:1.0.0; 10.5157/NEPS:SC4:1.0.0; 10.5157/NEPS:SC4:1.1.0; 10.5157/NEPS:SC3:2.0.0; 10.5157/NEPS:SC4:4.0.0; 10.5157/NEPS:SC5:3.1.0
Netherlands Kinship Panel Study 	-	MDA_part1/44275.tsv	-	-
New Democracies Barometer 	-	DGS empirisch-quantitativ_v7/27-S-I-419-424.tsv	-	-
NIS-2003-1	2003	econStor/10419-35055.tsv	-	-
NIS-2003-2	2003	econStor/10419-35055.tsv	-	-
NIS-P	-	econStor/10419-35055.tsv	-	-
NKPS	-	MDA_part1/44275.tsv	-	-
NSFG	-	DGS empirisch-quantitativ_v7/1680.tsv	-	10.3886/ICPSR04157; 10.3886/ICPSR04157.v1; 10.3886/ICPSR07898; 10.3886/ICPSR07898.v1; 10.3886/ICPSR07902; 10.3886/ICPSR07902.v2; 10.3886/ICPSR08181; 10.3886/ICPSR08181.v1; 10.3886/ICPSR08328; 10.3886/ICPSR08328.v4; 10.3886/ICPSR06643; 10.3886/ICPSR06643.v1; 10.3886/ICPSR06960; 10.3886/ICPSR06960.v2; 10.3886/ICPSR09473; 10.3886/ICPSR09473.v3; 10.3886/ICPSR06960.v1; 10.3886/ICPSR09473.v2; 10.3886/ICPSR09473.v1; 10.3886/ICPSR08328.v3; 10.3886/ICPSR08328.v2; 10.3886/ICPSR08328.v1; 10.3886/ICPSR07902.v1
NSFH	-	DGS empirisch-quantitativ_v7/1680.tsv	-	10.3886/ICPSR06041; 10.3886/ICPSR06041.v1; 10.3886/ICPSR06906; 10.3886/ICPSR06906.v1
Numerische Rating Skala Schmerz	-	DGS empirisch-quantitativ_v7/28-S-I-264-269.tsv	-	-
OECD Health Data	2004	DGS empirisch-quantitativ_v7/1003_Brockmann_Altersrationierung.tsv	-	-
OECD-Bericht 	1967	DGS_v7/1329_Mayer_Sinn_und_Wirklichkeit.tsv	-	-
OECD-Skala	-	DGS empirisch-quantitativ_v7/0910_Diewald_Eltern_Kind_Beziehug.tsv	-	-
Ökonomische Erreichbarkeit (Skala)	-	DGS empirisch-quantitativ_v7/20-S-II-145-149.tsv	ja	gesis-solis-00528035
OpenStreetMap	-	MDA_part1/38448.tsv	-	-
Optionen junger Ehen	-	DGS empirisch-quantitativ_v7/27-S-I-117-121.tsv	-	10.4232/1.4266; 10.4232/1.12137; 10.4232/1.2663; 10.4232/1.2664; 10.4232/1.2665
Ost-West Jugendstudie Berlin	-	DGS empirisch-quantitativ_v7/27-V-I-818-836.tsv	-	-
PAIRFAM	-	MDA_part1/35913.tsv; MDA_part1/35914.tsv; MDA_part1/42889.tsv; DGS_v7/1680.tsv	-	10.4232/pairfam.5678.6.0.0; 10.4232/pairfam.5678.3.0.0; 10.4232/pairfam.5678.3.1.0; 10.4232/pairfam.5678.4.0.0; 10.4232/pairfam.5678.5.0.0; 10.4232/pairfam.5678.7.0.0
pairfam Mini-Panel	-	DGS empirisch-quantitativ_v7/1680.tsv	-	-
Panel Analysis of Intimate Relationships and Family Dynamics	-	MDA_part1/35913.tsv; MDA_part1/35914.tsv; MDA_part1/42889.tsv; DGS_v7/1680.tsv	-	10.4232/pairfam.5678.3.0.0; 10.4232/pairfam.5678.3.1.0; 10.4232/pairfam.5678.5.0.0; 10.4232/pairfam.5678.4.0.0; 10.4232/pairfam.5678.6.0.0
Panel Arbeitsmarkt und soziale Sicherung	-	MDA_part1/35912.tsv; MDA_part1/42889.tsv	-	-
Panel Study of Income Dynamics	1980-2003	DGS empirisch-quantitativ_v7/0365.tsv	-	10.3886/ICPSR03202; 10.3886/ICPSR03202.v1; 10.3886/ICPSR03203; 10.3886/ICPSR03203.v1; 10.3886/ICPSR07439; 10.3886/ICPSR07439.v1; 
Panel Study of Income Dynamics	-	MDA_part1/38448.tsv; DGS empirisch-quantitativ_v7/0365.tsv	-	10.3886/ICPSR07439; 10.3886/ICPSR07439.v1; 10.3886/ICPSR03202; 10.3886/ICPSR03202.v1; 10.3886/ICPSR03203; 10.3886/ICPSR03203.v1
PASS	-	MDA_part1/35912.tsv; MDA_part1/42889.tsv	-	-
PCE	2000	DGS empirisch-quantitativ_v7/2235_Pickel_Differenzen_Faktors.tsv	-	-
PEKS	-	MDA_part1/37422.tsv	-	10.6102/zis34; http://www.gesis.org/fileadmin/kurzskalen/working_papers/PEKS_Workingpaper.pdf
Physical Component Score	-	DGS empirisch-quantitativ_v7/1379.tsv	-	-
PIAAC	-	MDA_part1/42886.tsv; MDA_part1/42887.tsv; MDA_part1/42889.tsv; MDA_part1/42890.tsv; MDA_part1/42891.tsv; MDA_part1/42893.tsv; MDA_part1/42884.tsv	-	10.4232/1.12385; 10.4232/1.12182; 10.4232/1.11865; 10.4232/1.12386; 10.4232/1.12197; 
PISA	-	DGS empirisch-quantitativ_v7/0073_Vester_soziale_Milieus.tsv; DGS empirisch-quantitativ_v7/0752_Oswald_Schulerfolg.tsv; DGS empirisch-quantitativ_v7/1329_Mayer_Sinn_und_Wirklichkeit.tsv; DGS empirisch-quantitativ_v7/1741_Glaesser_Schulform.tsv; DGS empirisch-quantitativ_v7/2575.tsv	-	10.5159/IQB_PISA_I_Plus_v1; 10.5159/IQB_PISA_2000_v1; 10.5159/IQB_PISA_2009_v1; 10.5159/IQB_PISA_2003_v1; 10.5159/IQB_PISA_2006_v1; 10.5159/IQB_PISA_2012_v1; 10.5159/IQB_PISA_2012_v2
PKS	1995-2005	DGS empirisch-quantitativ_v7/2474.tsv	ja	10.4232/1.8210
PKS	2005	DGS empirisch-quantitativ_v7/2474.tsv	-	-
PKS 	2001	DGS empirisch-quantitativ_v7/2474.tsv	ja	10.4232/1.8210
Politbarometer	-	MDA_part1/39802.tsv	-	<Politbarometer.txt>
Political Culture in Central and Eastern Europe	2000	DGS empirisch-quantitativ_v7/2235_Pickel_Differenzen_Faktors.tsv	-	-
Political Efficacy Kurzskala 	-	MDA_part1/37422.tsv	-	10.6102/zis34; http://www.gesis.org/fileadmin/kurzskalen/working_papers/PEKS_Workingpaper.pdf
Political Rights Scale (Freedom House)	2003	DGS empirisch-quantitativ_v7/2158_Mueller_spieltheoretischer_Erklaerungsansatz.tsv	-	-
Polizeiliche Kriminalstatistik	1995-2005	DGS empirisch-quantitativ_v7/2474.tsv	ja	10.4232/1.8210
Programme for International Student Assessment	-	MDA_part1/37421.tsv; MDA_part1/42893.tsv; DGS_v7/0073_Vester_soziale_Milieus.tsv; DGS_v7/0752_Oswald_Schulerfolg.tsv; DGS_v7/1329_Mayer_Sinn_und_Wirklichkeit.tsv; DGS_v7/1741_Glaesser_Schulform.tsv	-	10.5159/IQB_PISA_I_Plus_v1; 10.5159/IQB_PISA_2006_v1; 10.5159/IQB_PISA_2003_v1; 10.5159/IQB_PISA_2000_v1; 10.5159/IQB_PISA_2012_v1; 10.5159/IQB_PISA_2009_v1
Programme for the International Assessment of Adult Competencies	-	MDA_part1/42886.tsv; MDA_part1/42887.tsv; MDA_part1/42889.tsv; MDA_part1/42890.tsv; MDA_part1/42891.tsv; MDA_part1/42893.tsv; MDA_part1/42884.tsv	-	10.4232/1.12385; 10.4232/1.12182; 10.4232/1.11865; 10.4232/1.12386; 10.4232/1.12197; 
Projekt Hochschulsozialisation	-	DGS empirisch-quantitativ_v7/20-S-II-412-416.tsv	-	-
Ranking der 100 größten deutschen Unternehmen	-	DGS empirisch-quantitativ_v7/0818.tsv	-	-
Regionalstudie Landkreis Eichstätt	-	DGS empirisch-quantitativ_v7/28-V-I-324-342.tsv	-	-
Religiosität und Kirchlichkeit in Osteuropa	seit 1999	DGS empirisch-quantitativ_v7/2235_Pickel_Differenzen_Faktors.tsv	-	10.1007/978-3-531-19851-4
Restriktionsbedingungen und Orientierungsmuster von kaufmännischen Angestelltenim betrieblichen und außerbetrieblichen Bereich	-	DGS empirisch-quantitativ_v7/20-S-II-248-254.tsv	-	gesis-solis-00007047
Rosenberg Self Esteem Scale	-	DGS empirisch-quantitativ_v7/27-V-I-765-780.tsv	-	10.6102/zis46
Satisfaction with Life Scale 	-	MDA_part1/37420.tsv; MDA_part1/37577.tsv; MDA_part1/37422.tsv	-	10.6102/zis147
SBC	2003	DGS empirisch-quantitativ_v7/1671.tsv		-
Schrumpfende Städte	-	DGS empirisch-quantitativ_v7/0343.tsv	-	-
Schweizer Umweltsurvey	-	MDA_part1/38448.tsv	ja	http://dx.doi.org/10.4232/1.2941
Selbstberichtsskala Ungerechtigkeitsensibilität	-	MDA_part1/37422.tsv	-	-
SEU[K]	-	DGS empirisch-quantitativ_v7/2360.tsv	-	-
Seven Years Later: The Experiences of the 1970 Cohort of Immigrants in the U.S. Labort Market	-	econStor/10419-35055.tsv	-	-
SF-36	-	DGS empirisch-quantitativ_v7/1379.tsv	-	-
SF-8	-	DGS empirisch-quantitativ_v7/1379.tsv	-	-
SHARE	-	MDA_part1/35915.tsv; MDA_part1/42886.tsv; MDA_part1/42887.tsv; MDA_part1/42889.tsv	-	10.6103/SHARE.w3.100; 10.6103/SHARE.w4.111; 10.6103/SHARE.w2.260; 10.6103/SHARE.w1.260; 10.6103/SHARE.w5.100
Shell-Jugend 2000	2000	DGS empirisch-quantitativ_v7/2386.tsv	-	10.4232/1.4724
Short Form-8 Health Survey	-	DGS empirisch-quantitativ_v7/1379.tsv	-	-
SIM	-	MDA_part1/39798.tsv	-	-
SINUS-Milieus	-	DGS empirisch-quantitativ_v7/2170_Hermann_kultureller_Codes.tsv	-	-
Skala Interpersonelles Vertrauen 	-	MDA_part1/37422.tsv	-	10.6102/zis37
Skala Ressourcendefizit im Bereich Wohnen	-	DGS empirisch-quantitativ_v7/27-V-I-595-616.tsv	-	-
Skala Unzufriedenheit mit der gesamten eigenen wirtschaftlichen Situation	-	DGS empirisch-quantitativ_v7/27-V-I-595-616.tsv	-	-
Skala zur Erfassung der Allgemeinen Selbstwirksamkeitserwartung	-	MDA_part1/37421.tsv	-	10.6102/zis17
Skala zur Erfassung individueller reflexiver Werte	2004	DGS empirisch-quantitativ_v7/2170_Hermann_kultureller_Codes.tsv	-	10.6102/zis135
Social Position and Use of Facilities by Immigrants	-	MDA_part1/39798.tsv	-	-
Socio-Scientific-Panel	-	MDA_part1/38444.tsv	-	-
SOEP	-	DGS empirisch-quantitativ_v7/0910_Diewald_Eltern_Kind_Beziehug.tsv; DGS empirisch-quantitativ_v7/0909.tsv; DGS empirisch-quantitativ_v7/0365.tsv; DGS empirisch-quantitativ_v7/0975_Mielck_Gesundheitsverhaltens.tsv; DGS empirisch-quantitativ_v7/1427_Szydlik_Vermoegen_im_Alter.tsv; DGS empirisch-quantitativ_v7/1671.tsv; DGS empirisch-quantitativ_v7/1680.tsv; MDA_part1/35913.tsv; MDA_part1/35914.tsv; MDA_part1/37420.tsv; MDA_part1/37421.tsv; MDA_part1/37577.tsv; MDA_part1/38443.tsv; MDA_part1/38448.tsv; MDA_part1/42889.tsv; MDA_part1/37422.tsv; MDA_part1/44275.tsv; DGS_v7/27-S-I-297-300.tsv; DGS_v7/27-S-I-745-754.tsv; DGS_v7/28-S-I-489-495.tsv; DGS_v7/28-S-I-561-567.tsv; DGS_v7/27-S-I-431-437.tsv; DGS_v7/28-S-I-751-755.tsv; DGS_v7/28-S-I-756-760.tsv; DGS_v7/28-V-I-926-936.tsv; DGS_v7/1329_Mayer_Sinn_und_Wirklichkeit.tsv; DGS_v7/2424.tsv; DGS_v7/2440_Holst_Geldverwaltung_in_Paarhaushalten.tsv; DGS empirisch-quantitativ_v7/2469_Isengard_Unterschiede_im_Freizeitverhalten.tsv	-	10.5684/soep.v30; 10.5684/soep.v30beta; 10.5684/soep.v29.1; 10.5684/soep.v25; 10.5684/soep.v29; 10.5684/soep.v31.1; 10.5684/soep.v31; 10.5684/soep.v27; 10.5684/soep.v27.1; 10.5684/soep.v27.2; 10.5684/soep.v27.2i; 10.5684/soep.v28; 10.5684/soep.v28.1; 10.5684/soep.v30i; 10.5684/soep.v30ibeta; 10.5684/soep.v24; 10.5684/soep.v26; 10.5684/soep.v28.1i; 10.5684/soep.v31.1i; 10.5684/soep.v31i; 10.5684/soep.is.2013; 10.5684/soep.is.2012; 10.5684/soep.is.2013.1; 10.5684/soep.is.2013.2; 10.5684/soep.is.2014; 10.5684/soep.is.2014.1; 10.5684/soep.iab-soep-mig.2013; 10.5684/soep.iab-soep-mig.2014
SOEP	1994	DGS empirisch-quantitativ_v7/0975_Mielck_Gesundheitsverhaltens.tsv	-	10.5684/soep.v30; 10.5684/soep.v30beta; 10.5684/soep.v29.1; 10.5684/soep.v25; 10.5684/soep.v29; 10.5684/soep.v31.1; 10.5684/soep.v31; 10.5684/soep.v27; 10.5684/soep.v27.1; 10.5684/soep.v27.2; 10.5684/soep.v27.2i; 10.5684/soep.v28; 10.5684/soep.v28.1; 10.5684/soep.v30i; 10.5684/soep.v30ibeta; 10.5684/soep.v24; 10.5684/soep.v26; 10.5684/soep.v28.1i; 10.5684/soep.v31.1i; 10.5684/soep.v31i
SOEP	2001	DGS empirisch-quantitativ_v7/1427_Szydlik_Vermoegen_im_Alter.tsv	-	10.5684/soep.v30; 10.5684/soep.v30beta; 10.5684/soep.v29.1; 10.5684/soep.v25; 10.5684/soep.v29; 10.5684/soep.v31.1; 10.5684/soep.v31; 10.5684/soep.v27; 10.5684/soep.v27.110.5684/soep.v27.2; 10.5684/soep.v27.2i; 10.5684/soep.v28; 10.5684/soep.v28.1; 10.5684/soep.v30i; 10.5684/soep.v30ibeta; 10.5684/soep.v24; 10.5684/soep.v26; 10.5684/soep.v28.1i; 10.5684/soep.v31.1i; 10.5684/soep.v31i; 10.5684/soep.is.2013; 10.5684/soep.is.2012; 10.5684/soep.is.2013.1; 10.5684/soep.is.2013.2; 10.5684/soep.is.2014; 10.5684/soep.is.2014.1
SOEP	1990	DGS empirisch-quantitativ_v7/2469_Isengard_Unterschiede_im_Freizeitverhalten.tsv	-	10.5684/soep.v30; 10.5684/soep.v30beta; 10.5684/soep.v29.1; 10.5684/soep.v25; 10.5684/soep.v29; 10.5684/soep.v31.1; 10.5684/soep.v31; 10.5684/soep.v27; 10.5684/soep.v27.1; 10.5684/soep.v27.2; 10.5684/soep.v27.2i; 10.5684/soep.v28; 10.5684/soep.v28.1; 10.5684/soep.v30i; 10.5684/soep.v30ibeta; 10.5684/soep.v24; 10.5684/soep.v26; 10.5684/soep.v28.1i; 10.5684/soep.v31.1i; 10.5684/soep.v31i
SOEP	ab 1991	DGS empirisch-quantitativ_v7/2424.tsv	-	10.5684/soep.v30; 10.5684/soep.v30beta; 10.5684/soep.v29.1; 10.5684/soep.v25; 10.5684/soep.v29; 10.5684/soep.v31.1; 10.5684/soep.v31; 10.5684/soep.v27; 10.5684/soep.v27.1; 10.5684/soep.v27.2; 10.5684/soep.v27.2i; 10.5684/soep.v28; 10.5684/soep.v28.1; 10.5684/soep.v30i; 10.5684/soep.v30ibeta; 10.5684/soep.v24; 10.5684/soep.v26; 10.5684/soep.v28.1i; 10.5684/soep.v31.1i; 10.5684/soep.v31i; 10.5684/soep.is.2013; 10.5684/soep.is.2012; 10.5684/soep.is.2013.1; 10.5684/soep.is.2013.2; 10.5684/soep.is.2014; 10.5684/soep.is.2014.1; 10.5684/soep.iab-soep-mig.2013; 10.5684/soep.iab-soep-mig.2014
SOEP	ab 1992	DGS empirisch-quantitativ_v7/2424.tsv	-	10.5684/soep.v30; 10.5684/soep.v30beta; 10.5684/soep.v29.1; 10.5684/soep.v25; 10.5684/soep.v29; 10.5684/soep.v31.1; 10.5684/soep.v31; 10.5684/soep.v27; 10.5684/soep.v27.1; 10.5684/soep.v27.2; 10.5684/soep.v27.2i; 10.5684/soep.v28; 10.5684/soep.v28.1; 10.5684/soep.v30i; 10.5684/soep.v30ibeta; 10.5684/soep.v24; 10.5684/soep.v26; 10.5684/soep.v28.1i; 10.5684/soep.v31.1i; 10.5684/soep.v31i; 10.5684/soep.is.2013; 10.5684/soep.is.2012; 10.5684/soep.is.2013.1; 10.5684/soep.is.2013.2; 10.5684/soep.is.2014; 10.5684/soep.is.2014.1; 10.5684/soep.iab-soep-mig.2013; 10.5684/soep.iab-soep-mig.2014
SOEP	2003	DGS empirisch-quantitativ_v7/2440_Holst_Geldverwaltung_in_Paarhaushalten.tsv; DGS empirisch-quantitativ_v7/2469_Isengard_Unterschiede_im_Freizeitverhalten.tsv	-	10.5684/soep.v30; 10.5684/soep.v30beta; 10.5684/soep.v29.1; 10.5684/soep.v25; 10.5684/soep.v29; 10.5684/soep.v31.1; 10.5684/soep.v31; 10.5684/soep.v27; 10.5684/soep.v27.1; 10.5684/soep.v27.2; 10.5684/soep.v27.2i; 10.5684/soep.v28; 10.5684/soep.v28.1; 10.5684/soep.v30i; 10.5684/soep.v30ibeta; 10.5684/soep.v24; 10.5684/soep.v26; 10.5684/soep.v28.1i; 10.5684/soep.v31.1i; 10.5684/soep.v31i; 10.5684/soep.is.2013; 10.5684/soep.is.2012; 10.5684/soep.is.2013.1; 10.5684/soep.is.2013.2; 10.5684/soep.is.2014; 10.5684/soep.is.2014.1
SOEP	2004	DGS empirisch-quantitativ_v7/2440_Holst_Geldverwaltung_in_Paarhaushalten.tsv	-	10.5684/soep.v30; 10.5684/soep.v30beta; 10.5684/soep.v29.1; 10.5684/soep.v25; 10.5684/soep.v29; 10.5684/soep.v31.1; 10.5684/soep.v31; 10.5684/soep.v27; 10.5684/soep.v27.1; 10.5684/soep.v27.2; 10.5684/soep.v27.2i; 10.5684/soep.v28; 10.5684/soep.v28.1; 10.5684/soep.v30i; 10.5684/soep.v30ibeta; 10.5684/soep.v24; 10.5684/soep.v26; 10.5684/soep.v28.1i; 10.5684/soep.v31.1i; 10.5684/soep.v31i; 10.5684/soep.is.2013; 10.5684/soep.is.2012; 10.5684/soep.is.2013.1; 10.5684/soep.is.2013.2; 10.5684/soep.is.2014; 10.5684/soep.is.2014.1
SOEP	1976-2002	DGS empirisch-quantitativ_v7/1329_Mayer_Sinn_und_Wirklichkeit.tsv	-	10.5684/soep.v30; 10.5684/soep.v30beta; 10.5684/soep.v29.1; 10.5684/soep.v25; 10.5684/soep.v29; 10.5684/soep.v31.1; 10.5684/soep.v31; 10.5684/soep.v27; 10.5684/soep.v27.110.5684/soep.v27.2; 10.5684/soep.v27.2i; 10.5684/soep.v28; 10.5684/soep.v28.1; 10.5684/soep.v30i; 10.5684/soep.v30ibeta; 10.5684/soep.v24; 10.5684/soep.v26; 10.5684/soep.v28.1i; 10.5684/soep.v31.1i; 10.5684/soep.v31i; 10.5684/soep.is.2013; 10.5684/soep.is.2012; 10.5684/soep.is.2013.1; 10.5684/soep.is.2013.2; 10.5684/soep.is.2014; 10.5684/soep.is.2014.1
SOEP 	1986	DGS empirisch-quantitativ_v7/0975_Mielck_Gesundheitsverhaltens.tsv	-	10.5684/soep.v30; 10.5684/soep.v30beta; 10.5684/soep.v29.1; 10.5684/soep.v25; 10.5684/soep.v29; 10.5684/soep.v31.1; 10.5684/soep.v31; 10.5684/soep.v27; 10.5684/soep.v27.1; 10.5684/soep.v27.2; 10.5684/soep.v27.2i; 10.5684/soep.v28; 10.5684/soep.v28.1; 10.5684/soep.v30i; 10.5684/soep.v30ibeta; 10.5684/soep.v24; 10.5684/soep.v26; 10.5684/soep.v28.1i; 10.5684/soep.v31.1i; 10.5684/soep.v31i
SOEP 	1999	DGS empirisch-quantitativ_v7/0975_Mielck_Gesundheitsverhaltens.tsv	-	10.5684/soep.v30; 10.5684/soep.v30beta; 10.5684/soep.v29.1; 10.5684/soep.v25; 10.5684/soep.v29; 10.5684/soep.v31.1; 10.5684/soep.v31; 10.5684/soep.v27; 10.5684/soep.v27.1; 10.5684/soep.v27.2; 10.5684/soep.v27.2i; 10.5684/soep.v28; 10.5684/soep.v28.1; 10.5684/soep.v30i; 10.5684/soep.v30ibeta; 10.5684/soep.v24; 10.5684/soep.v26; 10.5684/soep.v28.1i; 10.5684/soep.v31.1i; 10.5684/soep.v31i; 10.5684/soep.is.2013; 10.5684/soep.is.2012; 10.5684/soep.is.2013.1; 10.5684/soep.is.2013.2; 10.5684/soep.is.2014; 10.5684/soep.is.2014.1
SOEP 	2000-2003	DGS empirisch-quantitativ_v7/0910_Diewald_Eltern_Kind_Beziehug.tsv	-	10.5684/soep.v30; 10.5684/soep.v30beta; 10.5684/soep.v29.1; 10.5684/soep.v25; 10.5684/soep.v29; 10.5684/soep.v31.1; 10.5684/soep.v31; 10.5684/soep.v27; 10.5684/soep.v27.110.5684/soep.v27.2; 10.5684/soep.v27.2i; 10.5684/soep.v28; 10.5684/soep.v28.1; 10.5684/soep.v30i; 10.5684/soep.v30ibeta; 10.5684/soep.v24; 10.5684/soep.v26; 10.5684/soep.v28.1i; 10.5684/soep.v31.1i; 10.5684/soep.v31i; 10.5684/soep.is.2013; 10.5684/soep.is.2012; 10.5684/soep.is.2013.1; 10.5684/soep.is.2013.2; 10.5684/soep.is.2014; 10.5684/soep.is.2014.1
SOEP 	1984-2003	DGS empirisch-quantitativ_v7/0909.tsv	-	10.5684/soep.v30; 10.5684/soep.v30beta; 10.5684/soep.v29.1; 10.5684/soep.v25; 10.5684/soep.v29; 10.5684/soep.v31.1; 10.5684/soep.v31; 10.5684/soep.v27; 10.5684/soep.v27.110.5684/soep.v27.2; 10.5684/soep.v27.2i; 10.5684/soep.v28; 10.5684/soep.v28.1; 10.5684/soep.v30i; 10.5684/soep.v30ibeta; 10.5684/soep.v24; 10.5684/soep.v26; 10.5684/soep.v28.1i; 10.5684/soep.v31.1i; 10.5684/soep.v31i; 10.5684/soep.is.2013; 10.5684/soep.is.2012; 10.5684/soep.is.2013.1; 10.5684/soep.is.2013.2; 10.5684/soep.is.2014; 10.5684/soep.is.2014.1
SOEP 	1984-2004	DGS empirisch-quantitativ_v7/0365.tsv	-	10.5684/soep.v30; 10.5684/soep.v30beta; 10.5684/soep.v29.1; 10.5684/soep.v25; 10.5684/soep.v29; 10.5684/soep.v31.1; 10.5684/soep.v31; 10.5684/soep.v27; 10.5684/soep.v27.110.5684/soep.v27.2; 10.5684/soep.v27.2i; 10.5684/soep.v28; 10.5684/soep.v28.1; 10.5684/soep.v30i; 10.5684/soep.v30ibeta; 10.5684/soep.v24; 10.5684/soep.v26; 10.5684/soep.v28.1i; 10.5684/soep.v31.1i; 10.5684/soep.v31i; 10.5684/soep.is.2013; 10.5684/soep.is.2012; 10.5684/soep.is.2013.1; 10.5684/soep.is.2013.2; 10.5684/soep.is.2014; 10.5684/soep.is.2014.1
SOEP Migrationsstichprobe	-	MDA_part1/35912.tsv	-	10.5684/soep.iab-soep-mig.2013
SOEPtrust	-	MDA_part1/37422.tsv	-	10.6102/zis37
SOFI-Studie	-	DGS empirisch-quantitativ_v7/18-V-I-824-841.tsv	-	-
SonBase	-	MDA_part1/38448.tsv	-	-
SOPHIA-Modell	-	DGS empirisch-quantitativ_v7/0975_Mielck_Gesundheitsverhaltens.tsv	-	-
Sozialbericht Wohlstand und Wohlbefinden	2002	DGS empirisch-quantitativ_v7/2450_Schmid_subjektive_Problemlagen.tsv	-	-
Soziale Ungleichheit in Deutschland	-	DGS empirisch-quantitativ_v7/0752_Oswald_Schulerfolg.tsv		-
Sozialhilfedynamik in den neuen Bundesländern	-	DGS empirisch-quantitativ_v7/28-S-I-561-567.tsv	-	-
Sozialhilfekarrieren	-	DGS empirisch-quantitativ_v7/28-S-I-561-567.tsv	-	-
Sozialstaatsurvey	2005	DGS empirisch-quantitativ_v7/2411.tsv	ja	10.4232/1.5190
Sozio-ökonomisches Panel	-	DGS empirisch-quantitativ_v7/0910_Diewald_Eltern_Kind_Beziehug.tsv; DGS empirisch-quantitativ_v7/0909.tsv; DGS empirisch-quantitativ_v7/0365.tsv; DGS empirisch-quantitativ_v7/0975_Mielck_Gesundheitsverhaltens.tsv; DGS empirisch-quantitativ_v7/1427_Szydlik_Vermoegen_im_Alter.tsv; DGS empirisch-quantitativ_v7/1671.tsv; DGS empirisch-quantitativ_v7/1680.tsv; MDA_part1/35913.tsv; MDA_part1/35914.tsv; MDA_part1/37420.tsv; MDA_part1/37421.tsv; MDA_part1/37577.tsv; MDA_part1/38443.tsv; MDA_part1/38448.tsv; MDA_part1/42889.tsv; MDA_part1/37422.tsv; MDA_part1/44275.tsv; DGS_v7/27-S-I-297-300.tsv; DGS_v7/27-S-I-745-754.tsv; DGS_v7/28-S-I-489-495.tsv; DGS_v7/28-S-I-561-567.tsv; DGS_v7/27-S-I-431-437.tsv; DGS_v7/28-S-I-751-755.tsv; DGS_v7/28-S-I-756-760.tsv; DGS_v7/28-V-I-926-936.tsv; DGS_v7/1329_Mayer_Sinn_und_Wirklichkeit.tsv; DGS_v7/2424.tsv; DGS_v7/2440_Holst_Geldverwaltung_in_Paarhaushalten.tsv; DGS empirisch-quantitativ_v7/2469_Isengard_Unterschiede_im_Freizeitverhalten.tsv	-	10.5684/soep.v30; 10.5684/soep.v30beta; 10.5684/soep.v29.1; 10.5684/soep.v25; 10.5684/soep.v29; 10.5684/soep.v31.1; 10.5684/soep.v31; 10.5684/soep.v27; 10.5684/soep.v27.1; 10.5684/soep.v27.2; 10.5684/soep.v27.2i; 10.5684/soep.v28; 10.5684/soep.v28.1; 10.5684/soep.v30i; 10.5684/soep.v30ibeta; 10.5684/soep.v24; 10.5684/soep.v26; 10.5684/soep.v28.1i; 10.5684/soep.v31.1i; 10.5684/soep.v31i; 10.5684/soep.is.2013; 10.5684/soep.is.2012; 10.5684/soep.is.2013.1; 10.5684/soep.is.2013.2; 10.5684/soep.is.2014; 10.5684/soep.is.2014.1; 10.5684/soep.iab-soep-mig.2013; 10.5684/soep.iab-soep-mig.2014
Sozio-ökonomisches Panel	1986	DGS empirisch-quantitativ_v7/0975_Mielck_Gesundheitsverhaltens.tsv	-	10.5684/soep.v30; 10.5684/soep.v30beta; 10.5684/soep.v29.1; 10.5684/soep.v25; 10.5684/soep.v29; 10.5684/soep.v31.1; 10.5684/soep.v31; 10.5684/soep.v27; 10.5684/soep.v27.1; 10.5684/soep.v27.2; 10.5684/soep.v27.2i; 10.5684/soep.v28; 10.5684/soep.v28.1; 10.5684/soep.v30i; 10.5684/soep.v30ibeta; 10.5684/soep.v24; 10.5684/soep.v26; 10.5684/soep.v28.1i; 10.5684/soep.v31.1i; 10.5684/soep.v31i
Sozio-ökonomisches Panel	1994	DGS empirisch-quantitativ_v7/0975_Mielck_Gesundheitsverhaltens.tsv	-	10.5684/soep.v30; 10.5684/soep.v30beta; 10.5684/soep.v29.1; 10.5684/soep.v25; 10.5684/soep.v29; 10.5684/soep.v31.1; 10.5684/soep.v31; 10.5684/soep.v27; 10.5684/soep.v27.1; 10.5684/soep.v27.2; 10.5684/soep.v27.2i; 10.5684/soep.v28; 10.5684/soep.v28.1; 10.5684/soep.v30i; 10.5684/soep.v30ibeta; 10.5684/soep.v24; 10.5684/soep.v26; 10.5684/soep.v28.1i; 10.5684/soep.v31.1i; 10.5684/soep.v31i
Sozio-ökonomisches Panel	1999	DGS empirisch-quantitativ_v7/0975_Mielck_Gesundheitsverhaltens.tsv	-	10.5684/soep.v30; 10.5684/soep.v30beta; 10.5684/soep.v29.1; 10.5684/soep.v25; 10.5684/soep.v29; 10.5684/soep.v31.1; 10.5684/soep.v31; 10.5684/soep.v27; 10.5684/soep.v27.1; 10.5684/soep.v27.2; 10.5684/soep.v27.2i; 10.5684/soep.v28; 10.5684/soep.v28.1; 10.5684/soep.v30i; 10.5684/soep.v30ibeta; 10.5684/soep.v24; 10.5684/soep.v26; 10.5684/soep.v28.1i; 10.5684/soep.v31.1i; 10.5684/soep.v31i; 10.5684/soep.is.2013; 10.5684/soep.is.2012; 10.5684/soep.is.2013.1; 10.5684/soep.is.2013.2; 10.5684/soep.is.2014; 10.5684/soep.is.2014.1
Sozio-ökonomisches Panel	2001	DGS empirisch-quantitativ_v7/1427_Szydlik_Vermoegen_im_Alter.tsv	-	10.5684/soep.v30; 10.5684/soep.v30beta; 10.5684/soep.v29.1; 10.5684/soep.v25; 10.5684/soep.v29; 10.5684/soep.v31.1; 10.5684/soep.v31; 10.5684/soep.v27; 10.5684/soep.v27.110.5684/soep.v27.2; 10.5684/soep.v27.2i; 10.5684/soep.v28; 10.5684/soep.v28.1; 10.5684/soep.v30i; 10.5684/soep.v30ibeta; 10.5684/soep.v24; 10.5684/soep.v26; 10.5684/soep.v28.1i; 10.5684/soep.v31.1i; 10.5684/soep.v31i; 10.5684/soep.is.2013; 10.5684/soep.is.2012; 10.5684/soep.is.2013.1; 10.5684/soep.is.2013.2; 10.5684/soep.is.2014; 10.5684/soep.is.2014.1
Sozio-ökonomisches Panel	ab 1991	DGS empirisch-quantitativ_v7/2424.tsv	-	10.5684/soep.v30; 10.5684/soep.v30beta; 10.5684/soep.v29.1; 10.5684/soep.v25; 10.5684/soep.v29; 10.5684/soep.v31.1; 10.5684/soep.v31; 10.5684/soep.v27; 10.5684/soep.v27.1; 10.5684/soep.v27.2; 10.5684/soep.v27.2i; 10.5684/soep.v28; 10.5684/soep.v28.1; 10.5684/soep.v30i; 10.5684/soep.v30ibeta; 10.5684/soep.v24; 10.5684/soep.v26; 10.5684/soep.v28.1i; 10.5684/soep.v31.1i; 10.5684/soep.v31i; 10.5684/soep.is.2013; 10.5684/soep.is.2012; 10.5684/soep.is.2013.1; 10.5684/soep.is.2013.2; 10.5684/soep.is.2014; 10.5684/soep.is.2014.1; 10.5684/soep.iab-soep-mig.2013; 10.5684/soep.iab-soep-mig.2014
Sozio-ökonomisches Panel	2003	DGS empirisch-quantitativ_v7/2440_Holst_Geldverwaltung_in_Paarhaushalten.tsv	-	10.5684/soep.v30; 10.5684/soep.v30beta; 10.5684/soep.v29.1; 10.5684/soep.v25; 10.5684/soep.v29; 10.5684/soep.v31.1; 10.5684/soep.v31; 10.5684/soep.v27; 10.5684/soep.v27.1; 10.5684/soep.v27.2; 10.5684/soep.v27.2i; 10.5684/soep.v28; 10.5684/soep.v28.1; 10.5684/soep.v30i; 10.5684/soep.v30ibeta; 10.5684/soep.v24; 10.5684/soep.v26; 10.5684/soep.v28.1i; 10.5684/soep.v31.1i; 10.5684/soep.v31i; 10.5684/soep.is.2013; 10.5684/soep.is.2012; 10.5684/soep.is.2013.1; 10.5684/soep.is.2013.2; 10.5684/soep.is.2014; 10.5684/soep.is.2014.1
Sozio-ökonomisches Panel	2004	DGS empirisch-quantitativ_v7/2440_Holst_Geldverwaltung_in_Paarhaushalten.tsv	-	10.5684/soep.v30; 10.5684/soep.v30beta; 10.5684/soep.v29.1; 10.5684/soep.v25; 10.5684/soep.v29; 10.5684/soep.v31.1; 10.5684/soep.v31; 10.5684/soep.v27; 10.5684/soep.v27.1; 10.5684/soep.v27.2; 10.5684/soep.v27.2i; 10.5684/soep.v28; 10.5684/soep.v28.1; 10.5684/soep.v30i; 10.5684/soep.v30ibeta; 10.5684/soep.v24; 10.5684/soep.v26; 10.5684/soep.v28.1i; 10.5684/soep.v31.1i; 10.5684/soep.v31i; 10.5684/soep.is.2013; 10.5684/soep.is.2012; 10.5684/soep.is.2013.1; 10.5684/soep.is.2013.2; 10.5684/soep.is.2014; 10.5684/soep.is.2014.1
Sozio-ökonomisches Panel	1984-2003	DGS empirisch-quantitativ_v7/0909.tsv	-	10.5684/soep.v30; 10.5684/soep.v30beta; 10.5684/soep.v29.1; 10.5684/soep.v25; 10.5684/soep.v29; 10.5684/soep.v31.1; 10.5684/soep.v31; 10.5684/soep.v27; 10.5684/soep.v27.110.5684/soep.v27.2; 10.5684/soep.v27.2i; 10.5684/soep.v28; 10.5684/soep.v28.1; 10.5684/soep.v30i; 10.5684/soep.v30ibeta; 10.5684/soep.v24; 10.5684/soep.v26; 10.5684/soep.v28.1i; 10.5684/soep.v31.1i; 10.5684/soep.v31i; 10.5684/soep.is.2013; 10.5684/soep.is.2012; 10.5684/soep.is.2013.1; 10.5684/soep.is.2013.2; 10.5684/soep.is.2014; 10.5684/soep.is.2014.1
Sozio-ökonomisches Panel 	2000-2003	DGS empirisch-quantitativ_v7/0910_Diewald_Eltern_Kind_Beziehug.tsv	-	10.5684/soep.v30; 10.5684/soep.v30beta; 10.5684/soep.v29.1; 10.5684/soep.v25; 10.5684/soep.v29; 10.5684/soep.v31.1; 10.5684/soep.v31; 10.5684/soep.v27; 10.5684/soep.v27.110.5684/soep.v27.2; 10.5684/soep.v27.2i; 10.5684/soep.v28; 10.5684/soep.v28.1; 10.5684/soep.v30i; 10.5684/soep.v30ibeta; 10.5684/soep.v24; 10.5684/soep.v26; 10.5684/soep.v28.1i; 10.5684/soep.v31.1i; 10.5684/soep.v31i; 10.5684/soep.is.2013; 10.5684/soep.is.2012; 10.5684/soep.is.2013.1; 10.5684/soep.is.2013.2; 10.5684/soep.is.2014; 10.5684/soep.is.2014.1
Sozio-ökonomisches Panel 	1984-2004	DGS empirisch-quantitativ_v7/0365.tsv	-	10.5684/soep.v30; 10.5684/soep.v30beta; 10.5684/soep.v29.1; 10.5684/soep.v25; 10.5684/soep.v29; 10.5684/soep.v31.1; 10.5684/soep.v31; 10.5684/soep.v27; 10.5684/soep.v27.110.5684/soep.v27.2; 10.5684/soep.v27.2i; 10.5684/soep.v28; 10.5684/soep.v28.1; 10.5684/soep.v30i; 10.5684/soep.v30ibeta; 10.5684/soep.v24; 10.5684/soep.v26; 10.5684/soep.v28.1i; 10.5684/soep.v31.1i; 10.5684/soep.v31i; 10.5684/soep.is.2013; 10.5684/soep.is.2012; 10.5684/soep.is.2013.1; 10.5684/soep.is.2013.2; 10.5684/soep.is.2014; 10.5684/soep.is.2014.1
Sprachvergleichende Untersuchung zur Entwicklung von Rhytmuspräferenzen	-	MDA_part1/35913.tsv	-	-
SPVA	-	MDA_part1/39798.tsv	-	-
STAN-Datenbank	-	DGS empirisch-quantitativ_v7/0365.tsv	-	-
Standard & Poor's Compustat Annual Industrial File	-	DGS empirisch-quantitativ_v7/28-S-I-157-160.tsv	-	-
Standard & Poor's Register of Corporations, Directors and Executives	-	DGS empirisch-quantitativ_v7/28-S-I-157-160.tsv	-	-
Stanford-Binet-Test 	-	MDA_part1/37419.tsv	-	-
Statistisches Jahrbuch (BRD)	1995	DGS empirisch-quantitativ_v7/28-V-I-324-342.tsv	-	-
Statistisches Jahrbuch (BRD)	1978	DGS empirisch-quantitativ_v7/20-S-II-497-507.tsv	-	-
Statistisches Jahrbuch (DDR)	1979/1980	DGS empirisch-quantitativ_v7/20-S-II-461-467.tsv	-	-
Statistiska centralbyråns 	2003	DGS empirisch-quantitativ_v7/1671.tsv	-	-
Strategien der wirtschaftlichen Aktivität	-	DGS empirisch-quantitativ_v7/27-S-I-425-430.tsv	-	-
Strategien zur Reduktion von Interrollenkonflikten berufstätiger Ehefrauen	-	DGS empirisch-quantitativ_v7/20-S-II-473-478.tsv	-	10.4232/1.1562
Structural Analysis Database	-	DGS empirisch-quantitativ_v7/0365.tsv	-	-
Survey of Health, Ageing and Retirement in Europe	-	MDA_part1/35915.tsv; MDA_part1/42886.tsv; MDA_part1/42887.tsv; MDA_part1/42889.tsv	-	10.6103/SHARE.w3.100; 10.6103/SHARE.w4.111; 10.6103/SHARE.w2.260; 10.6103/SHARE.w1.260; 10.6103/SHARE.w5.100
Survey on the Integration of Minorities	-	MDA_part1/39798.tsv	-	-
SWE	-	MDA_part1/37421.tsv	-	10.6102/zis17
SWLS	-	MDA_part1/37420.tsv; MDA_part1/37577.tsv; MDA_part1/37422.tsv	-	10.6102/zis147
The American Occupational Structure	-	DGS empirisch-quantitativ_v7/0323.tsv	-	-
The Impact of Social Capital and Coping Strategies on Reproductive and Marital Behavior	2002	DGS empirisch-quantitativ_v7/2147_Buebler_Fertilitaetsintentionen.tsv	-	-
The New Immigrant Survey 2003 Round 1	2003	econStor/10419-35055.tsv	-	-
The New Immigrant Survey 2003 Round 2	2003	econStor/10419-35055.tsv	-	-
The New Immigrant Survey Pilot	-	econStor/10419-35055.tsv	-	-
The Spirit Level. Why more equal societies almost always do better	-	MDA_part1/37422.tsv	-	-
The three Worlds of Welfare Capitalism	-	DGS empirisch-quantitativ_v7/0365.tsv	-	-
Toward a European Society: Single Market, Binational Marriages, and Social Group Formation in Europe	-	MDA_part1/35913.tsv	-	-
Transitions from Education to Employment	-	MDA_part1/38443.tsv	-	-
TREE	-	MDA_part1/38443.tsv	-	-
Über die Demokratie in Amerika	1835	DGS empirisch-quantitativ_v7/1329_Mayer_Sinn_und_Wirklichkeit.tsv	-	-
UK Household Longitudinal Study	-	MDA_part1/37577.tsv	-	-
UKHLS	-	MDA_part1/37577.tsv	-	-
Umfang, Finanzierung und Methodik empirischer Forschungsprojekte an sozial- und politikwissenschaftlichen Lehrstühlen	-	MDA_part1/35916.tsv	ja	10.12758/mda.2013.005
Umwelt, Kind und Elementarbereich	-	DGS empirisch-quantitativ_v7/20-S-II-442-446.tsv	-	-
Umweltgerechtigkeitsstudie	-	MDA_part1/38448.tsv	-	-
Understanding Society Innovation Panel	-	MDA_part1/44275.tsv	-	-
Ungerechtigkeitssensibilitätskurzskala 	-	MDA_part1/37577.tsv; MDA_part1/37422.tsv	-	10.6102/zis36.
Union Power Scale (World Economic Forum)	2000	DGS empirisch-quantitativ_v7/2158_Mueller_spieltheoretischer_Erklaerungsansatz.tsv	-	-
Unzufriedenheitsskala	-	DGS empirisch-quantitativ_v7/27-V-I-595-616.tsv	-	-
USS-8	-	MDA_part1/37577.tsv; MDA_part1/37422.tsv	-	10.6102/zis36.
VALS	1984	DGS empirisch-quantitativ_v7/2170_Hermann_kultureller_Codes.tsv	-	-
VASMA	-	DGS empirisch-quantitativ_v7/20-S-II-508-513.tsv		-
Veränderte Entscheidungsstrukturen im Kriminaljustizsystem: Implementation, Organisation, Wirkungen	-	DGS empirisch-quantitativ_v7/28-S-I-446-450.tsv	-	-
Vergleichende Analyse der Sozialstruktur mit Massendaten 	-	DGS empirisch-quantitativ_v7/20-S-II-508-513.tsv		-
Versorgungsstrategien privater Haushalte im unteren Einkommensbereich	-	DGS empirisch-quantitativ_v7/28-S-I-856-860.tsv	-	-
vierte Kirchenmitgliedschaftsstudie	2002	DGS empirisch-quantitativ_v7/2357_Benthaus-Apel_Kirchenmitgliedschaftsstudie.tsv	-	10.4232/1.4392
VOC-T	-	MDA_part1/37417.tsv	-	http://dx.doi.org/10.1027/1614-0001/a000093
Volks- und Berufszählung 	1970	DGS empirisch-quantitativ_v7/18-V-I-954-972.tsv; DGS empirisch-quantitativ_v7/20-S-II-508-513.tsv	-	-
Volkszählung 	1987	DGS empirisch-quantitativ_v7/28-V-I-324-342.tsv	-	-
Vorwahlstudien Estland, Lettland	-	DGS empirisch-quantitativ_v7/28-S-I-383-389.tsv	-	-
VuE	-	DGS empirisch-quantitativ_v7/28-S-I-856-860.tsv	-	-
WAIS	-	MDA_part1/37419.tsv	-	-
Wechsler Adult Intelligence Scale 	-	MDA_part1/37419.tsv	-	-
Westdeutsche Lebensverlaufsstudie	-	DGS empirisch-quantitativ_v7/2187_Hillmert_Bildungsungleichheit.tsv	-	10.4232/1.2645; 10.4232/1.2646; 10.4232/1.2647; 10.4232/1.2648; 10.4232/1.3927; 10.4232/1.5099
Westdeutsche Lebensverlaufsstudie, Kohorten 64/71	1998/99	DGS empirisch-quantitativ_v7/2187_Hillmert_Bildungsungleichheit.tsv	-	10.4232/1.3927
Wiedereingliederung von Frauen ins Berufsleben	-	DGS empirisch-quantitativ_v7/20-S-II-255-260.tsv	-	gesis-solis-00528069
Winkler-Index	-	DGS empirisch-quantitativ_v7/1379.tsv	-	-
Wirtschaft und Ethik	2002	DGS empirisch-quantitativ_v7/2502_Burkatzki_Markt_und_Recht.tsv	-	-
Wochenbericht (Nr. 21, 1993, DIW)	1993	DGS empirisch-quantitativ_v7/27-S-I-297-300.tsv	-	-
Wohlfahrtssurvey	-	DGS empirisch-quantitativ_v7/28-V-I-926-936.tsv; DGS empirisch-quantitativ_v7/20-S-II-118-122.tsv; DGS empirisch-quantitativ_v7/27-V-I-450-458.tsv; DGS empirisch-quantitativ_v7/27-V-I-750-764.tsv	-	10.4232/1.1141; 10.4232/1.2933; 10.4232/1.1339; 10.4232/1.2792; 10.4232/1.1142; 10.4232/1.1839; 10.4232/1.2121; 10.4232/1.3398
Wohlfahrtssurvey	1984	DGS empirisch-quantitativ_v7/27-V-I-450-458.tsv	-	10.4232/1.1339; 10.4232/1.2933
Wohlfahrtssurvey	1993	DGS empirisch-quantitativ_v7/27-V-I-750-764.tsv; DGS empirisch-quantitativ_v7/0839_Spellerberg_Polarisierung.tsv	-	10.4232/1.2792; 10.4232/1.2933
Wohlfahrtssurveys	1978	DGS empirisch-quantitativ_v7/20-S-II-118-122.tsv	-	10.4232/1.1141
Wohlfahrtssurveys	1998	DGS empirisch-quantitativ_v7/0839_Spellerberg_Polarisierung.tsv	-	10.4232/1.3398
Wohlfahrtssurveys 	2001	DGS empirisch-quantitativ_v7/0839_Spellerberg_Polarisierung.tsv	-	-
Working Hours Scale (IMD)	2000	DGS empirisch-quantitativ_v7/2158_Mueller_spieltheoretischer_Erklaerungsansatz.tsv	-	-
World Competitiveness Yearbook 2000	2000	DGS empirisch-quantitativ_v7/2158_Mueller_spieltheoretischer_Erklaerungsansatz.tsv	-	-
World Values Survey	1990	DGS empirisch-quantitativ_v7/27-S-I-649-655.tsv; DGS empirisch-quantitativ_v7/0326_Gerhards_Cultural_Overstretch.tsv; DGS empirisch-quantitativ_v7/2235_Pickel_Differenzen_Faktors.tsv	-	10.3886/ICPSR06160; 10.3886/ICPSR06160.v1; 10.3886/ICPSR02790; 10.3886/ICPSR02790.v1; 10.4232/1.11159
World Values Survey	1991	DGS empirisch-quantitativ_v7/2235_Pickel_Differenzen_Faktors.tsv	-	10.3886/ICPSR06160; 10.3886/ICPSR06160.v1; 10.3886/ICPSR02790; 10.3886/ICPSR02790.v1; 10.4232/1.11159
World Values Survey	1995-1998	DGS empirisch-quantitativ_v7/2235_Pickel_Differenzen_Faktors.tsv	-	10.3886/ICPSR02790; 10.3886/ICPSR02790.v1; 10.4232/1.11159; 10.4232/1.3062
World Values Survey	1999/2000	DGS empirisch-quantitativ_v7/2235_Pickel_Differenzen_Faktors.tsv	-	10.4232/1.11159; 10.3886/ICPSR03975; 10.3886/ICPSR03975.v1
World Values Survey 	-	MDA_part1/39801.tsv; DGS_v7/27-S-I-649-655.tsv; DGS_v7/0326_Gerhards_Cultural_Overstretch.tsv; DGS empirisch-quantitativ_v7/2235_Pickel_Differenzen_Faktors.tsv	-	10.4232/1.3062; 10.3886/ICPSR02790; 10.3886/ICPSR02790.v1; 10.3886/ICPSR03975.v1; 10.4232/1.11159; 10.3886/ICPSR03975; 10.3886/ICPSR09309; 10.3886/ICPSR09309.v1; 10.4232/1.1838; 10.3886/ICPSR06160; 10.3886/ICPSR06160.v1; 
World Values Surveys	1990	DGS empirisch-quantitativ_v7/27-S-I-649-655.tsv; DGS empirisch-quantitativ_v7/0326_Gerhards_Cultural_Overstretch.tsv; DGS empirisch-quantitativ_v7/2235_Pickel_Differenzen_Faktors.tsv	-	10.3886/ICPSR06160; 10.3886/ICPSR06160.v1; 10.3886/ICPSR02790; 10.3886/ICPSR02790.v1; 10.4232/1.11159
World Values Surveys 	1995/97	DGS empirisch-quantitativ_v7/0326_Gerhards_Cultural_Overstretch.tsv	-	10.4232/1.3062; 10.3886/ICPSR02790.v1; 10.3886/ICPSR02790; 10.4232/1.11159
WVS	1990	DGS empirisch-quantitativ_v7/2235_Pickel_Differenzen_Faktors.tsv	-	10.3886/ICPSR06160; 10.3886/ICPSR06160.v1; 10.3886/ICPSR02790; 10.3886/ICPSR02790.v1; 10.4232/1.11159
WVS	1991	DGS empirisch-quantitativ_v7/2235_Pickel_Differenzen_Faktors.tsv	-	10.3886/ICPSR06160; 10.3886/ICPSR06160.v1; 10.3886/ICPSR02790; 10.3886/ICPSR02790.v1; 10.4232/1.11159
WVS	1995-1998	DGS empirisch-quantitativ_v7/2235_Pickel_Differenzen_Faktors.tsv	-	10.3886/ICPSR02790; 10.3886/ICPSR02790.v1; 10.4232/1.11159; 10.4232/1.3062
WVS	1999/2000	DGS empirisch-quantitativ_v7/2235_Pickel_Differenzen_Faktors.tsv	-	10.4232/1.11159; 10.3886/ICPSR03975; 10.3886/ICPSR03975.v1
WVS	-	MDA_part1/39801.tsv; DGS_v7/27-S-I-649-655.tsv; DGS_v7/0326_Gerhards_Cultural_Overstretch.tsv; DGS empirisch-quantitativ_v7/2235_Pickel_Differenzen_Faktors.tsv	-	10.4232/1.3062; 10.3886/ICPSR02790; 10.3886/ICPSR02790.v1; 10.3886/ICPSR03975.v1; 10.4232/1.11159; 10.3886/ICPSR03975; 10.3886/ICPSR09309; 10.3886/ICPSR09309.v1; 10.4232/1.1838; 10.3886/ICPSR06160; 10.3886/ICPSR06160.v1; 
Zensustest	-	MDA_part1/35913.tsv	-	-
Zentrale Stelle Hauskoordination und Hausumringe (ZSHH)	-	MDA_part1/38448.tsv	-	-
ZSHH	-	MDA_part1/38448.tsv	-	-
Zufriedenheitsskala	-	DGS empirisch-quantitativ_v7/2424.tsv; DGS empirisch-quantitativ_v7/2450_Schmid_subjektive_Problemlagen.tsv	ja	10.6102/zis229
ZUMA-Standarddemographie	-	DGS empirisch-quantitativ_v7/28-V-I-926-936.tsv; DGS empirisch-quantitativ_Hermann_kultureller_Codes.tsv	-	10.4232/1.1233
Zusammenlegung von Arbeitslosen- und Sozialhilfe: Übergangsmuster, Strukturen und Folgen für die Betroffenen (IAB)	-	DGS empirisch-quantitativ_v7/2436.tsv	-	-
Zusatzbefragung zur ASID'92	-	DGS empirisch-quantitativ_v7/27-V-I-916-929.tsv	-	-
